id,conversation_id,created_at,date,time,timezone,user_id,username,name,place,tweet,language,mentions,urls,photos,replies_count,retweets_count,likes_count,hashtags,cashtags,link,retweet,quote_url,video,thumbnail,near,geo,source,user_rt_id,user_rt,retweet_id,reply_to,retweet_date,translate,trans_src,trans_dest
1542752802073616384,1542752802073616384,2022-07-01 11:41:45 IST,2022-07-01,11:41:45,+0530,139418789,w66n,Nawaf ‚ö°Ô∏è,,"Regardless of what happened to $lunc , let us accuse the idea of ‚Äã‚Äãrelying on  algorithmic Dollar and massive #lunc selling  in what caused the collapse of that project in the  past! So now, Do you think new $Luna is born dead? . .  #cryptocurrecy  #Bitcoin  @terra_money  #Solana",en,"[{'screen_name': 'terra_money', 'name': 'terra üåç powered by luna üåï', 'id': '1022028994772910086'}]",[],[],0,0,1,"['lunc', 'cryptocurrecy', 'bitcoin', 'solana']","['lunc', 'luna']",https://twitter.com/w66n/status/1542752802073616384,False,,0,,,,,,,,[],,,,
1542750075268497409,1542750075268497409,2022-07-01 11:30:55 IST,2022-07-01,11:30:55,+0530,1462254455961780227,ibcdao,IBC DAO,,I'm dead. #Bitcoin is down bad    https://t.co/L73G2awX2w  #BearMarketApes  https://t.co/PyycVPiTvj,en,[],['https://opensea.io/assets/ethereum/0x495f947276749ce646f68ac8c248420045cb7b5e/87079715147692608999806607216135073697858708246143443185687690875688382890004'],['https://pbs.twimg.com/media/FWjyzOqUYAEahP0.jpg'],0,2,2,"['bitcoin', 'bearmarketapes']",[],https://twitter.com/IBCDAO/status/1542750075268497409,False,,1,https://pbs.twimg.com/media/FWjyzOqUYAEahP0.jpg,,,,,,,[],,,,
1542745342726361088,1542745342726361088,2022-07-01 11:12:07 IST,2022-07-01,11:12:07,+0530,1251249987230609409,marzellmoney,Marzell Money ‚ö°Ô∏è,,#Crypto is dead!!!! ‚ò†Ô∏è  $PYPL / PayPal down 78%  $NTFLX Netflix is down 74% YTD  $Meta Facebook is down 51% YTD  $AMZN Amazon is down 37% YTD  $APPL is down 24% YTD  $BTC / #Bitcoin¬† is down 60% YTD  ‚Ä¶‚Ä¶..ü§î,en,[],[],[],9,2,10,"['crypto', 'bitcoin']","['pypl', 'ntflx', 'meta', 'amzn', 'appl', 'btc']",https://twitter.com/MarzellMoney/status/1542745342726361088,False,,0,,,,,,,,[],,,,
1542734190679994368,1542734190679994368,2022-07-01 10:27:48 IST,2022-07-01,10:27:48,+0530,1272492655071555586,chahalv_,Chahal,,To some people #bitcoin is either dead or a bubble.   üìâ - dead üìà - a bubble,en,[],[],[],2,1,4,['bitcoin'],[],https://twitter.com/ChahalV_/status/1542734190679994368,False,,0,,,,,,,,[],,,,
1542733684687904773,1542683578970083329,2022-07-01 10:25:47 IST,2022-07-01,10:25:47,+0530,928560287237619712,charafofficial,Charaf,,@CryptoWhale #Bitcoin is dead.,en,[],[],[],0,0,0,['bitcoin'],[],https://twitter.com/Charafofficial/status/1542733684687904773,False,,0,,,,,,,,"[{'screen_name': 'CryptoWhale', 'name': 'CryptoWhale', 'id': '234638601'}]",,,,
1542731950804320257,1542523432516177921,2022-07-01 10:18:54 IST,2022-07-01,10:18:54,+0530,477766277,jayster2424,Jamie Little,,"@SKhazars @JohnKandy9 @RippleXrpie I'm sure people that got into Bitcoin when it was worth nothing are ""normal people"" also. If an iso20020 coin is going to zero then then all crypto is dead!",en,[],[],[],0,0,0,[],[],https://twitter.com/jayster2424/status/1542731950804320257,False,,0,,,,,,,,"[{'screen_name': 'SKhazars', 'name': 'Crypto_Imps', 'id': '1362295473231470593'}, {'screen_name': 'JohnKandy9', 'name': 'John K', 'id': '1370183750781444098'}, {'screen_name': 'RippleXrpie', 'name': 'JackTheRippler ¬©Ô∏è', 'id': '930453075457921029'}]",,,,
1542728663350644737,1542725737936867328,2022-07-01 10:05:50 IST,2022-07-01,10:05:50,+0530,1367424429320368134,sargeantdee,Sargeant D,,@itsmebutterz @RetiredDadof4 @JesseOlson Bitcoin is dead,en,[],[],[],0,0,0,[],[],https://twitter.com/SargeantDee/status/1542728663350644737,False,,0,,,,,,,,"[{'screen_name': 'itsmebutterz', 'name': 'butterz.btc.eth.link', 'id': '944649491361161216'}, {'screen_name': 'RetiredDadof4', 'name': 'Tom', 'id': '1270469686124142594'}, {'screen_name': 'JesseOlson', 'name': 'Jesse Olson', 'id': '31346465'}]",,,,
1542728444223430656,1542724749880467456,2022-07-01 10:04:58 IST,2022-07-01,10:04:58,+0530,1392652820554260480,richardagers1,livingadream29x,,@natbrunell Unstoppable üíØ everyone will say #bitcoin is dead after ü§£,en,[],[],[],1,0,1,['bitcoin'],[],https://twitter.com/Richardagers1/status/1542728444223430656,False,,0,,,,,,,,"[{'screen_name': 'natbrunell', 'name': 'Natalie Brunell', 'id': '543483223'}]",,,,
1542725625697517569,1542724749880467456,2022-07-01 09:53:46 IST,2022-07-01,09:53:46,+0530,405294503,tonysats,Anthony Elia,,@natbrunell I heard Bitcoin is dead,en,[],[],[],1,0,1,[],[],https://twitter.com/tonysats/status/1542725625697517569,False,,0,,,,,,,,"[{'screen_name': 'natbrunell', 'name': 'Natalie Brunell', 'id': '543483223'}]",,,,
1542720590683176961,1542720590683176961,2022-07-01 09:33:45 IST,2022-07-01,09:33:45,+0530,1535215985523064832,row4type,row4type,,"#Bitcoin is not dead, and if it is, then it will rise from the dead. üí™",en,[],[],[],0,0,0,['bitcoin'],[],https://twitter.com/row4type/status/1542720590683176961,False,,0,,,,,,,,[],,,,
1542709422740357123,1542672286490271744,2022-07-01 08:49:23 IST,2022-07-01,08:49:23,+0530,1507532873888256001,kinecticworks,Glitchdoctr_Kinecticworks_NFTs,,@nayibbukele Bitcoin is dead.,en,[],[],[],0,0,0,[],[],https://twitter.com/Kinecticworks/status/1542709422740357123,False,,0,,,,,,,,"[{'screen_name': 'nayibbukele', 'name': 'Nayib Bukele', 'id': '20736511'}]",,,,
1542709002034896896,1542667558272237569,2022-07-01 08:47:42 IST,2022-07-01,08:47:42,+0530,1157896993097900032,purefriendship_,Mel,,"@Minionhunter @zerohedge Bitcoin turns the pyramids into the Empire State Building. If the layers in the middle are dead, is there still a need for a republic and democracy to exist? Only the Empire from Star Wars remains.",en,[],[],[],0,0,0,[],[],https://twitter.com/PureFriendship_/status/1542709002034896896,False,,0,,,,,,,,"[{'screen_name': 'Minionhunter', 'name': 'minionhunter', 'id': '80335177'}, {'screen_name': 'zerohedge', 'name': 'zerohedge', 'id': '18856867'}]",,,,
1542707026605887488,1542707026605887488,2022-07-01 08:39:51 IST,2022-07-01,08:39:51,+0530,1037725348144852992,conanobitcoin,Conan O'Bitcoin,,"The stock to flow model is dead. Irrelevant of where the price goes next, the model has been invalidated. RIP. #bitcoin",en,[],[],[],0,0,0,['bitcoin'],[],https://twitter.com/ConanOBitcoin/status/1542707026605887488,False,https://twitter.com/100trillionUSD/status/1542660589939736576,0,,,,,,,,[],,,,
1542703566241931264,1542703566241931264,2022-07-01 08:26:06 IST,2022-07-01,08:26:06,+0530,1471777236634456069,perry_onn,Perry,,Stock Market Experts: ‚ÄúBitcoin is Dead‚Äù After Massive Meltdown. What Does That Mean to Gnox (GNOX) and Ethereum ... . Crypto professionals speculate that Bitcoin will be dead after the crypto crash. This article covers the potential situation for Gnox (GNOX) and Ethe,en,[],[],[],0,0,0,[],[],https://twitter.com/Perry_onn/status/1542703566241931264,False,,0,,,,,,,,[],,,,
1542703470876057600,1542703470876057600,2022-07-01 08:25:44 IST,2022-07-01,08:25:44,+0530,1471364613254299652,jiangtu0916,Jinnie,,Stock Market Experts: ‚ÄúBitcoin is Dead‚Äù After Massive Meltdown. What Does That Mean to Gnox (GNOX) and Ethereum ... . Crypto professionals speculate that Bitcoin will be dead after the crypto crash. This article covers the potential situation for Gnox (,en,[],[],[],0,0,0,[],[],https://twitter.com/jiangtu0916/status/1542703470876057600,False,,0,,,,,,,,[],,,,
1542700723024035841,1542700723024035841,2022-07-01 08:14:49 IST,2022-07-01,08:14:49,+0530,1400919767947616263,johnnysteelball,Johnny steel balls‚òÑ‚òÑ,,Bitcoin Moon boys are looking at too small of a time frame LMAO üòÇü§£ why don't you zoom out bro! it's descending informing a nice descending wedge üö®Bitcoin is dead!!!! #Bitcoin #bitcoinnews #BTC #BTCs #cryptocurrency,en,[],[],[],0,0,1,"['bitcoin', 'bitcoinnews', 'btc', 'btcs', 'cryptocurrency']",[],https://twitter.com/Johnnysteelball/status/1542700723024035841,False,,0,,,,,,,,[],,,,
1542696366438109185,1542696366438109185,2022-07-01 07:57:30 IST,2022-07-01,07:57:30,+0530,1352642209586188290,azorianbtc,Azorian üí•,,Clearly #Bitcoin is dead. It's dropped over 300% in two years. Not even TerraLuna can claim that.,en,[],[],[],2,0,1,['bitcoin'],[],https://twitter.com/AzorianBTC/status/1542696366438109185,False,https://twitter.com/RemBestGirl69/status/1542651023067684871,0,,,,,,,,[],,,,
1542687005930397697,1542624204465373184,2022-07-01 07:20:18 IST,2022-07-01,07:20:18,+0530,158540024,akfiorentino,Andrew üá∫üá¶,,"@Crypto__T @plinian_put @natbrunell The math of bitcoin is dead simple. Everyone understands -- 21 million bitcoins, billions of people. In fact, it's so simple, maybe you should ask yourself why so many other people don't find it convincing.",en,[],[],[],1,0,0,[],[],https://twitter.com/akfiorentino/status/1542687005930397697,False,,0,,,,,,,,"[{'screen_name': 'Crypto__T', 'name': 'Crypto T', 'id': '959010719940468737'}, {'screen_name': 'plinian_put', 'name': 'Plinian Put', 'id': '3301672091'}, {'screen_name': 'natbrunell', 'name': 'Natalie Brunell', 'id': '543483223'}]",,,,
1542678582924718080,1542678582924718080,2022-07-01 06:46:50 IST,2022-07-01,06:46:50,+0530,352544829,chadmcanon,Chad McAnon üî∫,,Love seeing these 10k and below charts for $BTC  ‚Ä¶ It reminds me of the bottom at 3k and seeing 250-100 back in the day.  Everybody was negative the news was ‚ÄúBitcoin is dead‚Äù etc ‚Ä¶ we are close friends  #Bitcoin,en,[],[],[],0,0,2,['bitcoin'],['btc'],https://twitter.com/CHADMCANON/status/1542678582924718080,False,,0,,,,,,,,[],,,,
1542675812662386689,1542675812662386689,2022-07-01 06:35:49 IST,2022-07-01,06:35:49,+0530,4045547358,cryptowartrader,Rex Trade,,#btc bottoming is almost in. Reason: My dad told me #bitcoin is dead. He predicted the last cycle 2018 bottoming.,en,[],[],[],1,0,1,"['btc', 'bitcoin']",[],https://twitter.com/cryptowartrader/status/1542675812662386689,False,,0,,,,,,,,[],,,,
1542675699500306432,1479753212047548421,2022-07-01 06:35:22 IST,2022-07-01,06:35:22,+0530,1427329958955917312,igloobamboo,Igloobamboo,,"$btc #BTC‚ÄØ‚ÄØ#Bitcoin‚ÄØ‚ÄØ‚ÄØ TA thread  ‚Ä¢ Some see a ""W""  ‚Ä¢ Some see a flag   ‚Ä¢ I see dead people  ""Trading is death"" - @RichardHeartWin  #Cryptocurrency #cryptotrading $HEX (#HEX the best true #DeFi store of value on the planet - an OG #Web3 financial product)  https://t.co/NklNtlpNyq",en,"[{'screen_name': 'richardheartwin', 'name': 'richard heart', 'id': '817817720221794305'}]",[],['https://pbs.twimg.com/media/FWivX47WYAIThpt.jpg'],2,0,2,"['btc', 'bitcoin', 'cryptocurrency', 'cryptotrading', 'hex', 'defi', 'web3']","['btc', 'hex']",https://twitter.com/igloobamboo/status/1542675699500306432,False,,1,https://pbs.twimg.com/media/FWivX47WYAIThpt.jpg,,,,,,,[],,,,
1542674354508406784,1542674354508406784,2022-07-01 06:30:02 IST,2022-07-01,06:30:02,+0530,1014542631379132416,paywithmoon,Moon,,Every time someone says ‚Äú#Bitcoin is dead‚Äù  https://t.co/58YmRt117v,en,[],[],['https://pbs.twimg.com/tweet_video_thumb/FWiZZrnXgAA-dDr.jpg'],0,1,5,['bitcoin'],[],https://twitter.com/paywithmoon/status/1542674354508406784,False,,1,https://pbs.twimg.com/tweet_video_thumb/FWiZZrnXgAA-dDr.jpg,,,,,,,[],,,,
1542669331653443585,1542667720868900864,2022-07-01 06:10:04 IST,2022-07-01,06:10:04,+0530,1008220267934609408,inconvenienttr5,Inconvenient Truth üåäüåä,,"@IGSquawk The OLD DEAD Cat Bounce.    #Bitcoin $BTC is going to trade UNDER $10,000 over the next 12 months.",en,[],[],[],1,0,0,['bitcoin'],['btc'],https://twitter.com/InconvenientTr5/status/1542669331653443585,False,,0,,,,,,,,"[{'screen_name': 'IGSquawk', 'name': 'IGSquawk', 'id': '1533387092'}]",,,,
1542662546439737345,1542662546439737345,2022-07-01 05:43:07 IST,2022-07-01,05:43:07,+0530,1133362569354391552,pinkboyeb,pinkboy3p,,Bitcoin is dead Stock market dead I don‚Äôt know what bored apes even do I‚Äôm tired,en,[],[],[],1,0,1,[],[],https://twitter.com/pinkboyeb/status/1542662546439737345,False,,0,,,,,,,,[],,,,
1542662490407976961,1542662490407976961,2022-07-01 05:42:53 IST,2022-07-01,05:42:53,+0530,929223032467525633,avocado_toast2,Avocado Toast,,"If anyone says #Bitcoin is dead,   ...remind them whales can throw around the price like a rag doll just to get the quarterly close they want  https://t.co/a7zyvQfniR",en,[],[],['https://pbs.twimg.com/media/FWijFKBX0AERyKZ.jpg'],0,1,1,['bitcoin'],[],https://twitter.com/avocado_toast2/status/1542662490407976961,False,,1,https://pbs.twimg.com/media/FWijFKBX0AERyKZ.jpg,,,,,,,[],,,,
1542662206185168902,1542662206185168902,2022-07-01 05:41:45 IST,2022-07-01,05:41:45,+0530,1415553844260401154,cryptonewz4,CryptoNewz,,Is Blockchain Dead? Time to Sell it All   https://t.co/okebYK6QVq   #Bitcoin,en,[],['https://www.youtube.com/watch?v=Evs1PBTDRNo'],[],0,0,0,['bitcoin'],[],https://twitter.com/CryptoNewz4/status/1542662206185168902,False,,0,,,,,,,,[],,,,
1542659998827814913,1542658844349841409,2022-07-01 05:32:59 IST,2022-07-01,05:32:59,+0530,1316961776743845889,indocryptolaw,Indonesian Crypto Law,,@illusiv33 @SBF_FTX @BlockFi @coinbase Celcius is going Broke  @Opensea is suffering from a Security breach  Defi is dead  #Bitcoin is going to $10k soon  Tether is depeg,en,"[{'screen_name': 'opensea', 'name': 'opensea', 'id': '946213559213555712'}]",[],[],0,0,0,['bitcoin'],[],https://twitter.com/IndoCryptoLaw/status/1542659998827814913,False,,0,,,,,,,,"[{'screen_name': 'illusiv33', 'name': 'illus1ve', 'id': '1519974887737245698'}, {'screen_name': 'SBF_FTX', 'name': 'SBF', 'id': '1110877798820777986'}, {'screen_name': 'BlockFi', 'name': 'BlockFi', 'id': '933113177197264896'}, {'screen_name': 'coinbase', 'name': 'Coinbase', 'id': '574032254'}]",,,,
1542658917267800065,1542658917267800065,2022-07-01 05:28:41 IST,2022-07-01,05:28:41,+0530,1437090299201916940,samsungsv19,samsungsv,,"#Bitcoin became legal tender back in September 2021. Since then, #ElSalvador lost over 60 million dollars by purchasing over two thousand Bitcoin.  Volcano bonds were never released, #Bitcoin City is dead on arrival. It is time to liquidate our BTC reserves before it is too late.  https://t.co/uQ9yfzePtb",en,[],[],['https://pbs.twimg.com/media/FWigG9zXgAIprzv.jpg'],0,0,0,"['bitcoin', 'elsalvador', 'bitcoin']",[],https://twitter.com/samsungsv19/status/1542658917267800065,False,,1,https://pbs.twimg.com/media/FWigG9zXgAIprzv.jpg,,,,,,,[],,,,
1542648330869772291,1542648330869772291,2022-07-01 04:46:37 IST,2022-07-01,04:46:37,+0530,1441455162380464130,kryptokarma1,KryptoKarma,,"I don‚Äôt know where is the bottom, but I know #Bitcoin  is not dead üíÄ",en,[],[],[],0,0,0,['bitcoin'],[],https://twitter.com/KryptoKarma1/status/1542648330869772291,False,,0,,,,,,,,[],,,,
1542644242731962369,1542306667584536578,2022-07-01 04:30:23 IST,2022-07-01,04:30:23,+0530,1146214671281729538,fluff_bitcoin,FluffXBT,,@kurtwuckertjr @wolfcastle6 So you‚Äôve been following Saylor a whole two years?  Historian.  Do you have a book out yet on the history of terrible takes on bitcoin or is now the time it‚Äôs finally ‚Äúdead‚Äù?,en,[],[],[],0,0,0,[],[],https://twitter.com/Fluff_Bitcoin/status/1542644242731962369,False,,0,,,,,,,,"[{'screen_name': 'kurtwuckertjr', 'name': 'Cozy Kurt‚Ñ¢ | GorillaPool.com üçåüçå', 'id': '304746564'}, {'screen_name': 'wolfcastle6', 'name': 'V_for_Volcanode üåã', 'id': '1010956933786951680'}]",,,,
1542639078998286336,1542639078998286336,2022-07-01 04:09:51 IST,2022-07-01,04:09:51,+0530,1458847162197065729,outlaw_sniper,outlawsniper.eth Œûü¶áüîä,,Bitcoin is dead ‚ò†Ô∏è  https://t.co/SFth54POhw,en,[],[],['https://pbs.twimg.com/media/FWiOELVWYAAJCTW.jpg'],1,0,1,[],[],https://twitter.com/Outlaw_Sniper/status/1542639078998286336,False,,1,https://pbs.twimg.com/media/FWiOELVWYAAJCTW.jpg,,,,,,,[],,,,
1542635774776066048,1542635774776066048,2022-07-01 03:56:44 IST,2022-07-01,03:56:44,+0530,1435033739076284421,bitly___,#crypto,,#Bitcoin is dead?,en,[],[],[],0,0,0,['bitcoin'],[],https://twitter.com/Bitly___/status/1542635774776066048,False,,0,,,,,,,,[],,,,
1542634920157351936,1542634920157351936,2022-07-01 03:53:20 IST,2022-07-01,03:53:20,+0530,2180823392,joshkadden,Josh Kadden,,Is Bitcoin dead?,en,[],[],[],1,0,0,[],[],https://twitter.com/JoshKadden/status/1542634920157351936,False,,0,,,,,,,,[],,,,
1542633879613444098,1542633879613444098,2022-07-01 03:49:12 IST,2022-07-01,03:49:12,+0530,1475279586086825989,meshslayer,MeshSlayer,,This is either going to be a life-changing dip or #Bitcoin is dead. You guys decide what you wanna use your capital on.,en,[],[],[],1,0,0,['bitcoin'],[],https://twitter.com/MeshSlayer/status/1542633879613444098,False,https://twitter.com/BTC_Archive/status/1542619211272421377,0,,,,,,,,[],,,,
1542631698969526272,1542628643624599565,2022-07-01 03:40:32 IST,2022-07-01,03:40:32,+0530,934529632228999168,anton__btc,"ANTON - no paid groups, no messages",,"YES, dotted scenario hints at $11.5k NO, that is not the worst case.  Max pain is at $9k IMO, before a dead cat #BTCUSD bounce. #Bitcoin #BTC",en,[],[],[],0,0,5,"['btcusd', 'bitcoin', 'btc']",[],https://twitter.com/Anton__BTC/status/1542631698969526272,False,,0,,,,,,,,[],,,,
1542628854623137792,1542628854623137792,2022-07-01 03:29:14 IST,2022-07-01,03:29:14,+0530,1483495105483149314,slippagetol,Slippage Tolerance,,"#Slippage #Crypto #CryptoNews #Cryptocurrency #Cryptocurrencies #Bitcoin #ETH #BNB #TeamFollowBack #FollowBack #DEFI #NFTs  The Oculus Quest is dead, long live the Meta Quest  https://t.co/d1mt3ZHDju  https://t.co/NGnPRIKEsC",en,[],['https://slippagetolerance.com/the-oculus-quest-is-dead-long-live-the-meta-quest/'],['https://pbs.twimg.com/media/FWiExDLaIAAaMH-.jpg'],0,0,0,"['slippage', 'crypto', 'cryptonews', 'cryptocurrency', 'cryptocurrencies', 'bitcoin', 'eth', 'bnb', 'teamfollowback', 'followback', 'defi', 'nfts']",[],https://twitter.com/SlippageTol/status/1542628854623137792,False,,1,https://pbs.twimg.com/media/FWiExDLaIAAaMH-.jpg,,,,,,,[],,,,
1542625033671311360,1542625033671311360,2022-07-01 03:14:03 IST,2022-07-01,03:14:03,+0530,1493339068440014848,cryptobullmaker,Cryptobull ( Free Premuim Calls ),,Netflix is down 70% YTD Facebook is down 51% YTD Amazon is down 37% YTD Apple is down 24% YTD #Bitcoin¬† is down 58% YTD  Who says $BTC is volatile üôÑ  Whole market condition is bad that doesn‚Äôt mean $btc is dead ü§¶üèª‚Äç‚ôÇÔ∏è  Tweet copied from @LayahHeilpern,en,"[{'screen_name': 'layahheilpern', 'name': 'layah heilpern', 'id': '455937214'}]",[],[],4,4,22,['bitcoin'],"['btc', 'btc']",https://twitter.com/Cryptobullmaker/status/1542625033671311360,False,,0,,,,,,,,[],,,,
1542619853487489031,1542619853487489031,2022-07-01 02:53:28 IST,2022-07-01,02:53:28,+0530,233535633,bustofc,El Busto F.C,,Bitcoin is the king and it will never be dead,en,[],[],[],1,0,0,[],[],https://twitter.com/BustoFC/status/1542619853487489031,False,,0,,,,,,,,[],,,,
1542616846448308224,1542217821958115332,2022-07-01 02:41:31 IST,2022-07-01,02:41:31,+0530,1394386056804376578,jls21141601,üí∏üè¶ Janet felon Yellen üè¶üí∏,,"@montymetzger @ernesturtasun You clearly don't understand what #Bitcoin and #cryptocurrency are... Keep stifling the industry and you will go down with the whole traditional financial system.  #FIAT is dead, #Bitcoin is king!",en,[],[],[],0,0,1,"['bitcoin', 'cryptocurrency', 'fiat', 'bitcoin']",[],https://twitter.com/JLS21141601/status/1542616846448308224,False,,0,,,,,,,,"[{'screen_name': 'montymetzger', 'name': 'Monty Metzger', 'id': '10866802'}, {'screen_name': 'ernesturtasun', 'name': 'Ernest Urtasun', 'id': '280227352'}]",,,,
1542612685518405632,1542612685518405632,2022-07-01 02:24:59 IST,2022-07-01,02:24:59,+0530,1436760566954086402,davaocity730,EricHan,,"@saylor @Davincij15  If Bitcoin is a life raft, I've been dead for over a year.",en,"[{'screen_name': 'davincij15', 'name': 'davinci jeremie', 'id': '285869396'}]",[],[],0,0,0,[],[],https://twitter.com/DavaoCity730/status/1542612685518405632,False,,0,,,,,,,,[],,,,
1542608348545052672,1542608348545052672,2022-07-01 02:07:45 IST,2022-07-01,02:07:45,+0530,1500929519120953345,preachingcrypto,Preachin‚Äô Crypto,,"#Crypto is not dead. Its rinsing the ones who didn't manage risks. It happens every cycle.  You leave now, you won't make it.  #Cryptocurency #bearmarket #Bitcoin #Binance #BNB #BitcoinCrash #BTC #Altcoins #Cryptotwitter",en,[],[],[],0,1,0,"['crypto', 'cryptocurency', 'bearmarket', 'bitcoin', 'binance', 'bnb', 'bitcoincrash', 'btc', 'altcoins', 'cryptotwitter']",[],https://twitter.com/preachingcrypto/status/1542608348545052672,False,,0,,,,,,,,[],,,,
1542608195155382276,1542478782048641026,2022-07-01 02:07:08 IST,2022-07-01,02:07:08,+0530,1434634413489496071,christianmuenz1,Christian Muenz,,@saylor Bitcoin is dead.  Gold is the future.,en,[],[],[],0,0,0,[],[],https://twitter.com/ChristianMuenz1/status/1542608195155382276,False,,0,,,,,,,,"[{'screen_name': 'saylor', 'name': 'Michael Saylor‚ö°Ô∏è', 'id': '244647486'}]",,,,
1542603257616314368,1542603257616314368,2022-07-01 01:47:31 IST,2022-07-01,01:47:31,+0530,1495842340543545349,chartoday,Chartoday,,1/6. There are two indicators I personally want to focus on that show #Bitcoin is getting close to the bottom: the realised and delta caps. The first one represents the market cap taking into account the price each coin was last moved (weighing less dead coins).  https://t.co/oY4SzcCeAp,en,[],[],['https://pbs.twimg.com/media/FWhtfLSUYAANP3_.jpg'],1,1,1,['bitcoin'],[],https://twitter.com/chartoday/status/1542603257616314368,False,,1,https://pbs.twimg.com/media/FWhtfLSUYAANP3_.jpg,,,,,,,[],,,,
1542602705712996352,1542370457898422273,2022-07-01 01:45:19 IST,2022-07-01,01:45:19,+0530,30476326,marcaz1,Marc,,"@WatcherGuru If Bicoin is dead, who cares anyway.  Long live Bitcoin.",en,[],[],[],0,0,0,[],[],https://twitter.com/MarcAZ1/status/1542602705712996352,False,,0,,,,,,,,"[{'screen_name': 'WatcherGuru', 'name': 'Watcher.Guru', 'id': '1387497871751196672'}]",,,,
1542601763429179401,1542601763429179401,2022-07-01 01:41:35 IST,2022-07-01,01:41:35,+0530,1346861406709280775,domofcrypto,Dominionüê∂,,"Just bought some $Marvin at discount. Price so juicy and a very good entry point. @Marvin_Inu  Be greedy while others are fearful, that's just the idea. Bear market is to create financial freedom not a time to think #cryptocurrency is dead lol literally #bitcoin is here to stay.  https://t.co/So7OHtJXej",en,"[{'screen_name': 'marvin_inu', 'name': 'marvin inu', 'id': '1448003698689445896'}]",[],['https://pbs.twimg.com/media/FWhsFi8XEAY-1qv.jpg'],3,12,14,"['cryptocurrency', 'bitcoin']",['marvin'],https://twitter.com/DomOfCrypto/status/1542601763429179401,False,,1,https://pbs.twimg.com/media/FWhsFi8XEAY-1qv.jpg,,,,,,,[],,,,
1542600116661456896,1542288777305116673,2022-07-01 01:35:02 IST,2022-07-01,01:35:02,+0530,1343332429071728640,tomgrayne,Tom Grayne,,@GigWorley @RRR_XC @SamPanetta_ @CedYoungelman It should be dead. I don't think it will. Way too many dumb greedy idiots around to pump its price again in a few years. Crypto is a perfect never ending ponzi. Buying bitcoin isn't buying the future or something lame like that. It's buying a lottery ticket and gambling.,en,[],[],[],1,0,1,[],[],https://twitter.com/TomGrayne/status/1542600116661456896,False,,0,,,,,,,,"[{'screen_name': 'GigWorley', 'name': 'WorleyGIG', 'id': '1240795448224309249'}, {'screen_name': 'RRR_XC', 'name': 'My name', 'id': '227633930'}, {'screen_name': 'SamPanetta_', 'name': 'Sam Panetta', 'id': '472384273'}, {'screen_name': 'CedYoungelman', 'name': 'Cedric Youngelman‚ö°Ô∏è', 'id': '39546945'}]",,,,
1542597919538298881,1542597919538298881,2022-07-01 01:26:18 IST,2022-07-01,01:26:18,+0530,948954148996861952,_g_o_x_,GoX,,#BITCOIN is DEAD!  https://t.co/U7xKqPeyHt,en,[],[],['https://pbs.twimg.com/media/FWhooUuWIAIJL62.jpg'],0,0,0,['bitcoin'],[],https://twitter.com/_G_o_X_/status/1542597919538298881,False,,1,https://pbs.twimg.com/media/FWhooUuWIAIJL62.jpg,,,,,,,[],,,,
1542597807940333568,1542308846240256000,2022-07-01 01:25:52 IST,2022-07-01,01:25:52,+0530,473258657,democracymemer,Yes Ó®Ä,,@intocryptoverse Nope Bitcoin is dead,en,[],[],[],0,0,0,[],[],https://twitter.com/democracymemer/status/1542597807940333568,False,,0,,,,,,,,"[{'screen_name': 'intocryptoverse', 'name': 'Benjamin Cowen', 'id': '943506806931734528'}]",,,,
1542594205876379649,1542594205876379649,2022-07-01 01:11:33 IST,2022-07-01,01:11:33,+0530,1494277727511322626,opsec_crypto,opsec,,"Good point, I also think BTC will get one more run potentially, but overall, the only reason people buy bitcoin is to flip their money and dip, so it's ought to go down.  There's no other reason to hold #BITCOIN, it does not produce money, it's dead money.",en,[],[],[],3,0,3,['bitcoin'],[],https://twitter.com/opsec_crypto/status/1542594205876379649,False,https://twitter.com/ki_young_ju/status/1542368838892879875,0,,,,,,,,[],,,,
1542593167497003008,1542593167497003008,2022-07-01 01:07:25 IST,2022-07-01,01:07:25,+0530,1446845562700009481,cryptosensei_09,·¥Ñ Ä è·¥ò·¥õ·¥èÍú±·¥á…¥Íú±·¥á…™ÂÖàÁîü,,"It's the year 2040, Bitcoin crashed from $10M to $6.6M  Media: Bitcoin is Dead",en,[],[],[],0,1,1,[],[],https://twitter.com/cryptosensei_09/status/1542593167497003008,False,,0,,,,,,,,[],,,,
1542592711261569024,1542194685250154496,2022-07-01 01:05:37 IST,2022-07-01,01:05:37,+0530,1491489617115287561,cj80783888,Colin,,@mwaddip @alexoncrypto Yes so it goes back to your original point - if there is no further demand or the demand dries up then the token is good as dead. Money is created from the inflation schedule in the same way as bitcoin - it‚Äôs code complete with no admin keys,en,[],[],[],2,0,0,[],[],https://twitter.com/cj80783888/status/1542592711261569024,False,,0,,,,,,,,"[{'screen_name': 'mwaddip', 'name': ""Muad'Dib"", 'id': '1342508867608076291'}, {'screen_name': 'alexoncrypto', 'name': 'Alexander Lorenzo', 'id': '901706048'}]",,,,
1542592247098646533,1542592244724760578,2022-07-01 01:03:46 IST,2022-07-01,01:03:46,+0530,1206867281424388096,maximilianfsn,Max Satori,,"#Pos network that cannot be done in the Ethereum team and will never be done the way Dejun Qian is building it. @FUSIONProtocol @djqianfusion  By the way, didn't these lucky influencers say in their super podcasts that bitcoin is a centralized and dead end PoW protocol",en,"[{'screen_name': 'fusionprotocol', 'name': 'fusion', 'id': '940430783965040640'}, {'screen_name': 'djqianfusion', 'name': 'dj qian', 'id': '1038446298385371136'}]",[],[],1,3,10,['pos'],[],https://twitter.com/MaximilianFSN/status/1542592247098646533,False,,0,,,,,,,,[],,,,
1542585774465757185,1542585774465757185,2022-07-01 00:38:03 IST,2022-07-01,00:38:03,+0530,1427584315894886400,cryptojeweller0,Crypto Jewellers,,Do you think #LUNC is dead now? #LUNA #LUNCarmy #bitcoin #cryptocurrecy #Crypto #ETH,en,[],[],[],1,0,2,"['lunc', 'luna', 'luncarmy', 'bitcoin', 'cryptocurrecy', 'crypto', 'eth']",[],https://twitter.com/cryptojeweller0/status/1542585774465757185,False,,0,,,,,,,,[],,,,
1542582349526839296,1542582349526839296,2022-07-01 00:24:26 IST,2022-07-01,00:24:26,+0530,1297651178256257024,autismcapital,Autism Capital üß©,,"Chamath‚Äôs price target for Bitcoin? $3,500-5000. He is cackling while David Sacks (Solana bagholder) is dead quiet. Explains David‚Äôs recent tweets. Crypto still below Chamath‚Äôs line.    https://t.co/VUiJhHN3Qo  https://t.co/D5tIXp2Fa0",en,[],['https://youtu.be/8lrOjNsPzww'],['https://pbs.twimg.com/media/FWhaeGeUIAAYQpc.jpg'],11,1,42,[],[],https://twitter.com/AutismCapital/status/1542582349526839296,False,,1,https://pbs.twimg.com/media/FWhaeGeUIAAYQpc.jpg,,,,,,,[],,,,
1542581282546126848,1542440543573184514,2022-07-01 00:20:12 IST,2022-07-01,00:20:12,+0530,21764913,bradleyw762,bradley,,"@DonCryptoDraper bullshit, #bitcoin is dead",en,[],[],[],0,0,1,['bitcoin'],[],https://twitter.com/bradleyw762/status/1542581282546126848,False,,0,,,,,,,,"[{'screen_name': 'DonCryptoDraper', 'name': 'doncrypto', 'id': '27619548'}]",,,,
1542580537226735616,1542575343537733632,2022-07-01 00:17:14 IST,2022-07-01,00:17:14,+0530,21764913,bradleyw762,bradley,,"@WolfTrades7 @CryptoCapo_ Bullshit, #bitcoin is dead",en,[],[],[],1,0,0,['bitcoin'],[],https://twitter.com/bradleyw762/status/1542580537226735616,False,,0,,,,,,,,"[{'screen_name': 'WolfTrades7', 'name': 'Wolf', 'id': '949983091552120832'}, {'screen_name': 'CryptoCapo_', 'name': 'il Capo Of Crypto', 'id': '988796804446769153'}]",,,,
1542580501139144705,1542580501139144705,2022-07-01 00:17:05 IST,2022-07-01,00:17:05,+0530,746897094066184193,scryptotrader,SCryptoTrader.eth,,99% Blockfi ü§¶‚Äç‚ôÇÔ∏è  Crypto Valuations are BS   Super high in Bull market and dead in bear.  Not stable   This all what's happening tells me Crypto is so danm early and full of moon bois.  Yes !  I'm kinda one of them but not as emtional.  Anyways invest less in alts more in Bitcoin.,en,[],[],[],0,0,5,[],[],https://twitter.com/ScryptoTrader/status/1542580501139144705,False,,0,,,,,,,,[],,,,
1542579496699760641,1542569538511929365,2022-07-01 00:13:06 IST,2022-07-01,00:13:06,+0530,1542923966,omnifinn,Niko from konsensus.network,,"@maxipleb My point is that hodling is implied, but dead men can hodl, so that‚Äôs not an act to be especially proud of. What matters is how you put the time stored in your #bitcoin into good use to help humanity transcend fiat. We have not yet won and the war has not yet started. Wield‚Äôs up!",en,[],[],[],0,0,1,['bitcoin'],[],https://twitter.com/OmniFinn/status/1542579496699760641,False,,0,,,,,,,,"[{'screen_name': 'maxipleb', 'name': 'NgU Engineer ü§°üåé', 'id': '1336748154469945346'}]",,,,
1542579431281086464,1542579431281086464,2022-07-01 00:12:50 IST,2022-07-01,00:12:50,+0530,1484489064212434949,darkacie,IP,,Bitcoin is dead,en,[],[],[],0,0,0,[],[],https://twitter.com/darkacie/status/1542579431281086464,False,,0,,,,,,,,[],,,,
1542578718677385216,1542578718677385216,2022-07-01 00:10:00 IST,2022-07-01,00:10:00,+0530,1520477582222929920,jabulanigivenm1,Jabulani Given Mgwenya,,"Historically speaking, if you bought #bitcoin every time there is a ""bitcoin is dead"" headlines, you would have done well.   Logic: when they lose hope, that's when the bottom is in.  https://t.co/WbbRHsyfb9",en,[],[],['https://pbs.twimg.com/media/FWhXK0nXoAkNgF0.jpg'],1,0,2,['bitcoin'],[],https://twitter.com/JabulaniGivenM1/status/1542578718677385216,False,,1,https://pbs.twimg.com/media/FWhXK0nXoAkNgF0.jpg,,,,,,,[],,,,
1542576530336804865,1538277901342232581,2022-07-01 00:01:19 IST,2022-07-01,00:01:19,+0530,1015698886483046400,trevdevv,Trev,,"@everythingfred @smdiehl ‚Ä¶ is, again, completely missing the central argument since this is fundamentally not true. Bitcoin is a closed system, fiat can be completely dead and I can still transact with bitcoin by stating a specific price for an item in sats. Dollars have no bearing over the protocol.",en,[],[],[],0,0,0,[],[],https://twitter.com/trevdevv/status/1542576530336804865,False,,0,,,,,,,,"[{'screen_name': 'everythingfred', 'name': 'Fred', 'id': '12142952'}, {'screen_name': 'smdiehl', 'name': 'Stephen Diehl', 'id': '151535146'}]",,,,
1542576079596097539,1542576079596097539,2022-06-30 23:59:31 IST,2022-06-30,23:59:31,+0530,1539255374150238209,jsl_capital_se,JSL Capital,,#inflation will drop quite dramatically - the inflation trade is dead - we will see an outperformance of long duration assets (#bitcoin / #NASDAQ for the rest of 2022)  https://t.co/yqTZTrhw2I,en,[],[],['https://pbs.twimg.com/media/FWhUxIWXgAcLBRD.jpg'],0,0,2,"['inflation', 'bitcoin', 'nasdaq']",[],https://twitter.com/JSL_Capital_SE/status/1542576079596097539,False,,1,https://pbs.twimg.com/media/FWhUxIWXgAcLBRD.jpg,,,,,,,[],,,,
1542572397391405057,1542572397391405057,2022-06-30 23:44:53 IST,2022-06-30,23:44:53,+0530,3022667709,senecalytics,Matt Clinton - Soothsayer üßô‚Äç‚ôÇÔ∏è,,"If someone has ""...gold..."" in their bio you should be extremely cautious in listening to what they have to say.  Confirmation bias is likely skewing their views so they're almost always bullish.  More so for Bitcoin, Silver, AMC, GME or anyone who thinks the dollar is dead.",en,[],[],[],0,0,2,[],[],https://twitter.com/Senecalytics/status/1542572397391405057,False,,0,,,,,,,,[],,,,
1542571996650737664,1542536351199141888,2022-06-30 23:43:18 IST,2022-06-30,23:43:18,+0530,1468151932413829120,hepraz,hery prasetio,,@MarioNawfal @RoundtableSpace is bitcoin era dead?,en,[],[],[],0,0,1,[],[],https://twitter.com/hepraz/status/1542571996650737664,False,,0,,,,,,,,"[{'screen_name': 'MarioNawfal', 'name': 'Mario Nawfal', 'id': '1319287761048723458'}, {'screen_name': 'RoundtableSpace', 'name': 'The Crypto Roundtable Show w/ NFT Tech', 'id': '1536693901230321666'}]",,,,
1542570583459774468,1542570583459774468,2022-06-30 23:37:41 IST,2022-06-30,23:37:41,+0530,1236359302786568193,jtheretohelp1,JT ‚úùÔ∏è,,"Fwiw, as painful as this crypto correction is, Bitcoin is NOT DEAD.   Opportunities will flourish in the future and those who have the intestinal fortitude to buy the pain will also flourish.",en,[],[],[],3,0,39,[],[],https://twitter.com/JTheretohelp1/status/1542570583459774468,False,,0,,,,,,,,[],,,,
1542568490762117121,1542452536212430848,2022-06-30 23:29:22 IST,2022-06-30,23:29:22,+0530,954490157603917824,streaming_sats,Streaming Sats (‚Çø) .210,,"@cburniske Small blocks stopped experimentation and innovation.  Bitcoin will unlock huge utility, I‚Äôm talking billions of txs per second. The people building such thing are doing so on the only chain that functions so  BTC is dead, just hodler fools and LN believers. Embarrassing",en,[],[],[],0,0,0,[],[],https://twitter.com/Streaming_Sats/status/1542568490762117121,False,,0,,,,,,,,"[{'screen_name': 'cburniske', 'name': 'Chris Burniske', 'id': '710463119886262272'}]",,,,
1542567945653690368,1542467833413734402,2022-06-30 23:27:12 IST,2022-06-30,23:27:12,+0530,393922066,rasatsu,Rasatsu,,"@jimtalbot Bitcoin is a dead project, why would anyone invest in it?",en,[],[],[],0,0,1,[],[],https://twitter.com/rasatsu/status/1542567945653690368,False,,0,,,,,,,,"[{'screen_name': 'jimtalbot', 'name': 'jim', 'id': '309749985'}]",,,,
1542566736074969088,1542344827810942976,2022-06-30 23:22:24 IST,2022-06-30,23:22:24,+0530,17246026,olthoff,Mike Olthoff ‚ö°üß° - #Bitcoin Psychopath,,"@RickV3D Bitcoin is dead, miners can't even pay for electricity.",en,[],[],[],0,0,1,[],[],https://twitter.com/olthoff/status/1542566736074969088,False,,0,,,,,,,,"[{'screen_name': 'RickV3D', 'name': 'Rick ü§ò', 'id': '1048219880082853888'}]",,,,
1542566155549810693,1542566155549810693,2022-06-30 23:20:05 IST,2022-06-30,23:20:05,+0530,1476175280402280451,vogt239,"Alexander Vogt, CFA",,"The #inflation trade is dead. #natgas hitting it‚Äòs 30 week moving average. $XLE is selling off. Time to buy long duration assets like #bonds, #bitcoin, $XLK or $ARKK? @RaoulGMI @MacroAlf @AndreasSteno @42macroDDale",en,"[{'screen_name': 'raoulgmi', 'name': 'raoul pal', 'id': '2453385626'}, {'screen_name': 'macroalf', 'name': 'alf', 'id': '1344759366671589376'}, {'screen_name': 'andreassteno', 'name': 'andreasstenolarsen', 'id': '851431642950402048'}, {'screen_name': '42macroddale', 'name': 'darius dale', 'id': '1374003455195545601'}]",[],[],1,0,1,"['inflation', 'natgas', 'bonds', 'bitcoin']","['xle', 'xlk', 'arkk']",https://twitter.com/Vogt239/status/1542566155549810693,False,,0,,,,,,,,[],,,,
1542560538869260290,1542560538869260290,2022-06-30 22:57:46 IST,2022-06-30,22:57:46,+0530,1481320852276887565,cryptofibanking,CryptoFi,,"While negativity around #crypto swirls online, many have seen this as the time to invest more into #bitcoin and #ethereum. Whether it's because they recognize the value in the #web3 ecosystem or think there is high earnings potential, #cryptocurrency is far from dead!",en,[],[],[],2,0,0,"['crypto', 'bitcoin', 'ethereum', 'web3', 'cryptocurrency']",[],https://twitter.com/CryptoFiBanking/status/1542560538869260290,False,https://twitter.com/saylor/status/1542117682207678465,0,,,,,,,,[],,,,
1542559680748068864,1542478782048641026,2022-06-30 22:54:21 IST,2022-06-30,22:54:21,+0530,1091194666169491456,atashgaah,Edelweiss üêò,,@saylor Bitcoin is a dead fish!,en,[],[],[],0,0,0,[],[],https://twitter.com/atashgaah/status/1542559680748068864,False,,0,,,,,,,,"[{'screen_name': 'saylor', 'name': 'Michael Saylor‚ö°Ô∏è', 'id': '244647486'}]",,,,
1542557843508776963,1542557843508776963,2022-06-30 22:47:03 IST,2022-06-30,22:47:03,+0530,3740778132,haileylennonbtc,Hailey Lennon,,My two favorite images that come to mind when people say bitcoin is dead  https://t.co/0yon8gSKlf,en,[],[],"['https://pbs.twimg.com/media/FWhELYHVEAIvfal.jpg', 'https://pbs.twimg.com/media/FWhELZSUEAEIMvA.jpg']",6,10,60,[],[],https://twitter.com/HaileyLennonBTC/status/1542557843508776963,False,,1,https://pbs.twimg.com/media/FWhELYHVEAIvfal.jpg,,,,,,,[],,,,
1542551386797244419,1542532226751111171,2022-06-30 22:21:24 IST,2022-06-30,22:21:24,+0530,1306360182981758981,sol_nerd,Gio {0},,@DU09BTC Do you think all alt‚Äôs will be dead if #Bitcoin is the only crypto deemed as ‚Äúnot a security‚Äù by the SEC?,en,[],[],[],0,0,0,['bitcoin'],[],https://twitter.com/sol_nerd/status/1542551386797244419,False,,0,,,,,,,,"[{'screen_name': 'DU09BTC', 'name': 'Duo Nine | YCC', 'id': '771255865273823232'}]",,,,
1542549731691622400,1542545796301733888,2022-06-30 22:14:49 IST,2022-06-30,22:14:49,+0530,394547235,youthfulmedia,jessica,,@devchart Bitcoin is dead.,en,[],[],[],1,0,0,[],[],https://twitter.com/youthfulmedia/status/1542549731691622400,False,,0,,,,,,,,"[{'screen_name': 'devchart', 'name': 'Devchart üë®üèª\u200düíª', 'id': '1078362309687472134'}]",,,,
1542549247870074881,1542549247870074881,2022-06-30 22:12:54 IST,2022-06-30,22:12:54,+0530,1458357035981242368,ussportsnews41,US Crypto News,,How Gnox (GNOX) Is Battling ‚ÄúBitcoin Is Dead‚Äù Search Results Within Google And Why Solana (SOL) Or Shiba Inu (SHIB) May Be Better Investment Options - Bitcoinist #SHIB,en,[],[],[],0,0,1,['shib'],[],https://twitter.com/USSportsNews41/status/1542549247870074881,False,,0,,,,,,,,[],,,,
1542545874240389123,1542442237887381506,2022-06-30 21:59:30 IST,2022-06-30,21:59:30,+0530,968087660567941120,royalkeyafrica,Harriet Tubman Stan,,@dubyabee17 @concodanomics At what $ price is bitcoin considered dead?,en,[],[],[],0,0,2,[],[],https://twitter.com/Royalkeyafrica/status/1542545874240389123,False,,0,,,,,,,,"[{'screen_name': 'dubyabee17', 'name': 'W Bee', 'id': '1373393290221907970'}, {'screen_name': 'concodanomics', 'name': 'Concoda üêª', 'id': '1032371282116063235'}]",,,,
1542544910452199427,1542544910452199427,2022-06-30 21:55:40 IST,2022-06-30,21:55:40,+0530,43248377,kirfinance,KIR Finance,,"This market sucks. Nobody timed the bottom. Historic data is trash. Charts mean nothing. Another red day. Web3 is a scam. Crypto is dead.   Phew... Now that I've gotten that out üòÑ, it's time to maximize this opportunity. We all have choices to make.   #bitcoin #crypto",en,[],[],[],5,0,37,"['bitcoin', 'crypto']",[],https://twitter.com/KIRFinance/status/1542544910452199427,False,,0,,,,,,,,[],,,,
1542544410126303232,1542478782048641026,2022-06-30 21:53:41 IST,2022-06-30,21:53:41,+0530,1287705992675950592,rockerfellerxau,üî•Rockerfeller,,@saylor Bitcoin is dead,en,[],[],[],5,2,28,[],[],https://twitter.com/rockerfellerxau/status/1542544410126303232,False,,0,,,,,,,,"[{'screen_name': 'saylor', 'name': 'Michael Saylor‚ö°Ô∏è', 'id': '244647486'}]",,,,
1542544037101637633,1542358974598627330,2022-06-30 21:52:12 IST,2022-06-30,21:52:12,+0530,1451147503286558729,omur08102021,hOwiE,,@udiWertheimer @el33th4xor dead investment #Bitcoin is dead!!!,en,[],[],[],0,0,1,['bitcoin'],[],https://twitter.com/Omur08102021/status/1542544037101637633,False,,0,,,,,,,,"[{'screen_name': 'udiWertheimer', 'name': 'udiverse.eth', 'id': '14527699'}, {'screen_name': 'el33th4xor', 'name': 'Emin G√ºn Sirerüî∫', 'id': '399412477'}]",,,,
1542542920229724160,1542522499312648192,2022-06-30 21:47:45 IST,2022-06-30,21:47:45,+0530,868003567,ivor_park_fin,Ivor Harper,,@dotcom_nufc @paullewismoney Bitcoin is dead now,en,[],[],[],0,0,4,[],[],https://twitter.com/ivor_park_fin/status/1542542920229724160,False,,0,,,,,,,,"[{'screen_name': 'dotcom_nufc', 'name': 'Nufc Dotcom', 'id': '866905221775208448'}, {'screen_name': 'paullewismoney', 'name': 'Paul Lewis', 'id': '221338206'}]",,,,
1542540853075447809,1542540853075447809,2022-06-30 21:39:33 IST,2022-06-30,21:39:33,+0530,1007593854059667456,the_verdent,The Verdent,,"Is Bitcoin dead? Bitcoin historical bear market data, Long-term price prediction and On-chain analysis. Watch here:  https://t.co/LJd4yvlALH #BTC #Bitcoin #bitcoincrash #crypto #cryptocrash #cryptocurrency #BitcoinETF",en,[],['https://www.youtube.com/watch?v=O1aXoMF6BJY'],[],1,0,8,"['btc', 'bitcoin', 'bitcoincrash', 'crypto', 'cryptocrash', 'cryptocurrency', 'bitcoinetf']",[],https://twitter.com/the_verdent/status/1542540853075447809,False,,0,,,,,,,,[],,,,
1542538705121861632,1542538705121861632,2022-06-30 21:31:00 IST,2022-06-30,21:31:00,+0530,2335390298,gowilcheck,Peter Jonathan Wilcheck,,Google users think BTC (Bitcoin) is dead ‚Äî 5 things to know in Bitcoin this week Image: Cointelegraph   https://t.co/jIgTSWENN6  https://t.co/mssZqW73tO,en,[],['https://www.gocryptoblogs.com/news/bitcoin/google-users-think-btc-is-dead-5-things-to-know-in-bitcoin-this-week/'],['https://pbs.twimg.com/media/FWgyxwqUAAEHQBN.png'],0,0,0,[],[],https://twitter.com/gowilcheck/status/1542538705121861632,False,,1,https://pbs.twimg.com/media/FWgyxwqUAAEHQBN.png,,,,,,,[],,,,
1542537332221517824,1542527743178354689,2022-06-30 21:25:33 IST,2022-06-30,21:25:33,+0530,2230417421,multitpark,CryptoCurrency Tech,,@paddi_hansen So the Bitcoin ATM business in EU is dead now. I doubt anyone will give his ID scanned for buying/selling crypto for 5 euro (for example).,en,[],[],[],1,0,1,[],[],https://twitter.com/MultiTpark/status/1542537332221517824,False,,0,,,,,,,,"[{'screen_name': 'paddi_hansen', 'name': 'Patrick Hansen', 'id': '1222139996951457794'}]",,,,
1542537197244403713,1542537197244403713,2022-06-30 21:25:01 IST,2022-06-30,21:25:01,+0530,1106494466855223296,yapglobalteam,YAP Global | We're Hiring,,"Is Bitcoin Really ‚ÄòDead‚Äô? ‚ò†  @ashtaybuck, the co-founder of @resource_fi spoke with @BCDWahid from @beincrypto on:  - Why Bitcoin is here to stay - What caused the latest crypto crash - Terra and Luna's impact - Crypto macro outlook for the coming months   https://t.co/MgHQrglHeW",en,"[{'screen_name': 'ashtaybuck', 'name': 'ashley taylor buck', 'id': '168799234'}, {'screen_name': 'resource_fi', 'name': 'resource finance', 'id': '1308496770691993602'}, {'screen_name': 'bcdwahid', 'name': 'the one', 'id': '1276819791047798785'}, {'screen_name': 'beincrypto', 'name': 'beincrypto', 'id': '1021643080208801792'}]",['http://bit.ly/3OVK2E5'],[],0,3,2,[],[],https://twitter.com/YAPGlobalTeam/status/1542537197244403713,False,,0,,,,,,,,[],,,,
1542536243510132736,1542271829242437632,2022-06-30 21:21:14 IST,2022-06-30,21:21:14,+0530,73803494,abebut,Andy ‚Ñ¨ebut üåªüìà‚öõüÉèüì¢üóΩ,,@0xJoxes Bitcoin is dead.,en,[],[],[],0,0,0,[],[],https://twitter.com/abebut/status/1542536243510132736,False,,0,,,,,,,,"[{'screen_name': '0xJoxes', 'name': 'Joxes.ethüè¥üêºüî¥üóªüê∫üîÅüíúüìúüßãüíô‚ö°üåø', 'id': '1289381057444425728'}]",,,,
1542534301505523722,1542534301505523722,2022-06-30 21:13:31 IST,2022-06-30,21:13:31,+0530,1387801941699403780,sweetpe90340322,Sweet-Pea Crypto,,Remember when your friends are telling you #Bitcoin is Dead that is the best time to buy ü§´,en,[],[],[],0,0,0,['bitcoin'],[],https://twitter.com/Sweetpe90340322/status/1542534301505523722,False,,0,,,,,,,,[],,,,
1542532790725533696,1542520789286629377,2022-06-30 21:07:30 IST,2022-06-30,21:07:30,+0530,773202471934132224,maskedninja76,„äó Masked Ninja „äô,,@IncomeSharks People that didn‚Äôt take profits are now saying bitcoin is dead.  lol,en,[],[],[],1,0,0,[],[],https://twitter.com/MaskedNinja76/status/1542532790725533696,False,,0,,,,,,,,"[{'screen_name': 'IncomeSharks', 'name': 'IncomeSharks', 'id': '4441279246'}]",,,,
1542531048977747968,1542531048977747968,2022-06-30 21:00:35 IST,2022-06-30,21:00:35,+0530,1370276014677323780,ciestd2017,Crypto Investment | 50K+ Facebook Community,,Google users think BTC is dead ‚Äî 5 things to know in Bitcoin this week  https://t.co/pPqSZRRoCL,en,[],['http://dlvr.it/ST74sR'],[],0,0,0,[],[],https://twitter.com/ciestd2017/status/1542531048977747968,False,,0,,,,,,,,[],,,,
1542530938999132163,1542530938999132163,2022-06-30 21:00:09 IST,2022-06-30,21:00:09,+0530,1359858473740210176,fintechandmore,Fintech & More,,"Is Bitcoin Dead? BTC Falls Below $20,000 Amid Crypto Crash. |  https://t.co/GD7td718zr | #investment #stocks  https://t.co/NQWENjTyRk",en,[],['https://buff.ly/3udrIyq'],['https://pbs.twimg.com/media/FWgrtr9XkAsiQ91.jpg'],0,0,0,"['investment', 'stocks']",[],https://twitter.com/fintechandmore/status/1542530938999132163,False,,1,https://pbs.twimg.com/media/FWgrtr9XkAsiQ91.jpg,,,,,,,[],,,,
1542753631501709312,1542753631501709312,2022-07-01 11:45:03 IST,2022-07-01,11:45:03,+0530,1365918251314733059,0xniloy,It's Niloy üáßüá©,,People fear What they don't understand   1995 - The internet is just a Fad! 2006 - Facebook is just for Students! 2009 - Uber won't work! 2012 - Instagram is just for Kids! 2015 - LinkedIn is just for Job search! 2019 - TikTok won't last long! 2022 - Bitcoin is Dead!,en,[],[],[],0,0,0,[],[],https://twitter.com/0xNiloy/status/1542753631501709312,False,,0,,,,,,,,[],,,,
1542752802073616384,1542752802073616384,2022-07-01 11:41:45 IST,2022-07-01,11:41:45,+0530,139418789,w66n,Nawaf ‚ö°Ô∏è,,"Regardless of what happened to $lunc , let us accuse the idea of ‚Äã‚Äãrelying on  algorithmic Dollar and massive #lunc selling  in what caused the collapse of that project in the  past! So now, Do you think new $Luna is born dead? . .  #cryptocurrecy  #Bitcoin  @terra_money  #Solana",en,"[{'screen_name': 'terra_money', 'name': 'terra üåç powered by luna üåï', 'id': '1022028994772910086'}]",[],[],0,0,1,"['lunc', 'cryptocurrecy', 'bitcoin', 'solana']","['lunc', 'luna']",https://twitter.com/w66n/status/1542752802073616384,False,,0,,,,,,,,[],,,,
1542750075268497409,1542750075268497409,2022-07-01 11:30:55 IST,2022-07-01,11:30:55,+0530,1462254455961780227,ibcdao,IBC DAO,,I'm dead. #Bitcoin is down bad    https://t.co/L73G2awX2w  #BearMarketApes  https://t.co/PyycVPiTvj,en,[],['https://opensea.io/assets/ethereum/0x495f947276749ce646f68ac8c248420045cb7b5e/87079715147692608999806607216135073697858708246143443185687690875688382890004'],['https://pbs.twimg.com/media/FWjyzOqUYAEahP0.jpg'],0,2,3,"['bitcoin', 'bearmarketapes']",[],https://twitter.com/IBCDAO/status/1542750075268497409,False,,1,https://pbs.twimg.com/media/FWjyzOqUYAEahP0.jpg,,,,,,,[],,,,
1542745342726361088,1542745342726361088,2022-07-01 11:12:07 IST,2022-07-01,11:12:07,+0530,1251249987230609409,marzellmoney,Marzell Money ‚ö°Ô∏è,,#Crypto is dead!!!! ‚ò†Ô∏è  $PYPL / PayPal down 78%  $NTFLX Netflix is down 74% YTD  $Meta Facebook is down 51% YTD  $AMZN Amazon is down 37% YTD  $APPL is down 24% YTD  $BTC / #Bitcoin¬† is down 60% YTD  ‚Ä¶‚Ä¶..ü§î,en,[],[],[],9,2,10,"['crypto', 'bitcoin']","['pypl', 'ntflx', 'meta', 'amzn', 'appl', 'btc']",https://twitter.com/MarzellMoney/status/1542745342726361088,False,,0,,,,,,,,[],,,,
1542734190679994368,1542734190679994368,2022-07-01 10:27:48 IST,2022-07-01,10:27:48,+0530,1272492655071555586,chahalv_,Chahal,,To some people #bitcoin is either dead or a bubble.   üìâ - dead üìà - a bubble,en,[],[],[],2,1,4,['bitcoin'],[],https://twitter.com/ChahalV_/status/1542734190679994368,False,,0,,,,,,,,[],,,,
1542733684687904773,1542683578970083329,2022-07-01 10:25:47 IST,2022-07-01,10:25:47,+0530,928560287237619712,charafofficial,Charaf,,@CryptoWhale #Bitcoin is dead.,en,[],[],[],0,0,0,['bitcoin'],[],https://twitter.com/Charafofficial/status/1542733684687904773,False,,0,,,,,,,,"[{'screen_name': 'CryptoWhale', 'name': 'CryptoWhale', 'id': '234638601'}]",,,,
1542731950804320257,1542523432516177921,2022-07-01 10:18:54 IST,2022-07-01,10:18:54,+0530,477766277,jayster2424,Jamie Little,,"@SKhazars @JohnKandy9 @RippleXrpie I'm sure people that got into Bitcoin when it was worth nothing are ""normal people"" also. If an iso20020 coin is going to zero then then all crypto is dead!",en,[],[],[],0,0,0,[],[],https://twitter.com/jayster2424/status/1542731950804320257,False,,0,,,,,,,,"[{'screen_name': 'SKhazars', 'name': 'Crypto_Imps', 'id': '1362295473231470593'}, {'screen_name': 'JohnKandy9', 'name': 'John K', 'id': '1370183750781444098'}, {'screen_name': 'RippleXrpie', 'name': 'JackTheRippler ¬©Ô∏è', 'id': '930453075457921029'}]",,,,
1542728663350644737,1542725737936867328,2022-07-01 10:05:50 IST,2022-07-01,10:05:50,+0530,1367424429320368134,sargeantdee,Sargeant D,,@itsmebutterz @RetiredDadof4 @JesseOlson Bitcoin is dead,en,[],[],[],0,0,0,[],[],https://twitter.com/SargeantDee/status/1542728663350644737,False,,0,,,,,,,,"[{'screen_name': 'itsmebutterz', 'name': 'butterz.btc.eth.link', 'id': '944649491361161216'}, {'screen_name': 'RetiredDadof4', 'name': 'Tom', 'id': '1270469686124142594'}, {'screen_name': 'JesseOlson', 'name': 'Jesse Olson', 'id': '31346465'}]",,,,
1542728444223430656,1542724749880467456,2022-07-01 10:04:58 IST,2022-07-01,10:04:58,+0530,1392652820554260480,richardagers1,livingadream29x,,@natbrunell Unstoppable üíØ everyone will say #bitcoin is dead after ü§£,en,[],[],[],1,0,1,['bitcoin'],[],https://twitter.com/Richardagers1/status/1542728444223430656,False,,0,,,,,,,,"[{'screen_name': 'natbrunell', 'name': 'Natalie Brunell', 'id': '543483223'}]",,,,
1542725625697517569,1542724749880467456,2022-07-01 09:53:46 IST,2022-07-01,09:53:46,+0530,405294503,tonysats,Anthony Elia,,@natbrunell I heard Bitcoin is dead,en,[],[],[],1,0,1,[],[],https://twitter.com/tonysats/status/1542725625697517569,False,,0,,,,,,,,"[{'screen_name': 'natbrunell', 'name': 'Natalie Brunell', 'id': '543483223'}]",,,,
1542720590683176961,1542720590683176961,2022-07-01 09:33:45 IST,2022-07-01,09:33:45,+0530,1535215985523064832,row4type,row4type,,"#Bitcoin is not dead, and if it is, then it will rise from the dead. üí™",en,[],[],[],0,0,0,['bitcoin'],[],https://twitter.com/row4type/status/1542720590683176961,False,,0,,,,,,,,[],,,,
1542709422740357123,1542672286490271744,2022-07-01 08:49:23 IST,2022-07-01,08:49:23,+0530,1507532873888256001,kinecticworks,Glitchdoctr_Kinecticworks_NFTs,,@nayibbukele Bitcoin is dead.,en,[],[],[],0,0,0,[],[],https://twitter.com/Kinecticworks/status/1542709422740357123,False,,0,,,,,,,,"[{'screen_name': 'nayibbukele', 'name': 'Nayib Bukele', 'id': '20736511'}]",,,,
1542709002034896896,1542667558272237569,2022-07-01 08:47:42 IST,2022-07-01,08:47:42,+0530,1157896993097900032,purefriendship_,Mel,,"@Minionhunter @zerohedge Bitcoin turns the pyramids into the Empire State Building. If the layers in the middle are dead, is there still a need for a republic and democracy to exist? Only the Empire from Star Wars remains.",en,[],[],[],0,0,0,[],[],https://twitter.com/PureFriendship_/status/1542709002034896896,False,,0,,,,,,,,"[{'screen_name': 'Minionhunter', 'name': 'minionhunter', 'id': '80335177'}, {'screen_name': 'zerohedge', 'name': 'zerohedge', 'id': '18856867'}]",,,,
1542707026605887488,1542707026605887488,2022-07-01 08:39:51 IST,2022-07-01,08:39:51,+0530,1037725348144852992,conanobitcoin,Conan O'Bitcoin,,"The stock to flow model is dead. Irrelevant of where the price goes next, the model has been invalidated. RIP. #bitcoin",en,[],[],[],0,0,0,['bitcoin'],[],https://twitter.com/ConanOBitcoin/status/1542707026605887488,False,https://twitter.com/100trillionUSD/status/1542660589939736576,0,,,,,,,,[],,,,
1542703566241931264,1542703566241931264,2022-07-01 08:26:06 IST,2022-07-01,08:26:06,+0530,1471777236634456069,perry_onn,Perry,,Stock Market Experts: ‚ÄúBitcoin is Dead‚Äù After Massive Meltdown. What Does That Mean to Gnox (GNOX) and Ethereum ... . Crypto professionals speculate that Bitcoin will be dead after the crypto crash. This article covers the potential situation for Gnox (GNOX) and Ethe,en,[],[],[],0,0,0,[],[],https://twitter.com/Perry_onn/status/1542703566241931264,False,,0,,,,,,,,[],,,,
1542703470876057600,1542703470876057600,2022-07-01 08:25:44 IST,2022-07-01,08:25:44,+0530,1471364613254299652,jiangtu0916,Jinnie,,Stock Market Experts: ‚ÄúBitcoin is Dead‚Äù After Massive Meltdown. What Does That Mean to Gnox (GNOX) and Ethereum ... . Crypto professionals speculate that Bitcoin will be dead after the crypto crash. This article covers the potential situation for Gnox (,en,[],[],[],0,0,0,[],[],https://twitter.com/jiangtu0916/status/1542703470876057600,False,,0,,,,,,,,[],,,,
1542700723024035841,1542700723024035841,2022-07-01 08:14:49 IST,2022-07-01,08:14:49,+0530,1400919767947616263,johnnysteelball,Johnny steel balls‚òÑ‚òÑ,,Bitcoin Moon boys are looking at too small of a time frame LMAO üòÇü§£ why don't you zoom out bro! it's descending informing a nice descending wedge üö®Bitcoin is dead!!!! #Bitcoin #bitcoinnews #BTC #BTCs #cryptocurrency,en,[],[],[],0,0,1,"['bitcoin', 'bitcoinnews', 'btc', 'btcs', 'cryptocurrency']",[],https://twitter.com/Johnnysteelball/status/1542700723024035841,False,,0,,,,,,,,[],,,,
1542696366438109185,1542696366438109185,2022-07-01 07:57:30 IST,2022-07-01,07:57:30,+0530,1352642209586188290,azorianbtc,Azorian üí•,,Clearly #Bitcoin is dead. It's dropped over 300% in two years. Not even TerraLuna can claim that.,en,[],[],[],2,0,1,['bitcoin'],[],https://twitter.com/AzorianBTC/status/1542696366438109185,False,https://twitter.com/RemBestGirl69/status/1542651023067684871,0,,,,,,,,[],,,,
1542687005930397697,1542624204465373184,2022-07-01 07:20:18 IST,2022-07-01,07:20:18,+0530,158540024,akfiorentino,Andrew üá∫üá¶,,"@Crypto__T @plinian_put @natbrunell The math of bitcoin is dead simple. Everyone understands -- 21 million bitcoins, billions of people. In fact, it's so simple, maybe you should ask yourself why so many other people don't find it convincing.",en,[],[],[],1,0,0,[],[],https://twitter.com/akfiorentino/status/1542687005930397697,False,,0,,,,,,,,"[{'screen_name': 'Crypto__T', 'name': 'Crypto T', 'id': '959010719940468737'}, {'screen_name': 'plinian_put', 'name': 'Plinian Put', 'id': '3301672091'}, {'screen_name': 'natbrunell', 'name': 'Natalie Brunell', 'id': '543483223'}]",,,,
1542678582924718080,1542678582924718080,2022-07-01 06:46:50 IST,2022-07-01,06:46:50,+0530,352544829,chadmcanon,Chad McAnon üî∫,,Love seeing these 10k and below charts for $BTC  ‚Ä¶ It reminds me of the bottom at 3k and seeing 250-100 back in the day.  Everybody was negative the news was ‚ÄúBitcoin is dead‚Äù etc ‚Ä¶ we are close friends  #Bitcoin,en,[],[],[],0,0,2,['bitcoin'],['btc'],https://twitter.com/CHADMCANON/status/1542678582924718080,False,,0,,,,,,,,[],,,,
1542675812662386689,1542675812662386689,2022-07-01 06:35:49 IST,2022-07-01,06:35:49,+0530,4045547358,cryptowartrader,Rex Trade,,#btc bottoming is almost in. Reason: My dad told me #bitcoin is dead. He predicted the last cycle 2018 bottoming.,en,[],[],[],1,0,1,"['btc', 'bitcoin']",[],https://twitter.com/cryptowartrader/status/1542675812662386689,False,,0,,,,,,,,[],,,,
1542675699500306432,1479753212047548421,2022-07-01 06:35:22 IST,2022-07-01,06:35:22,+0530,1427329958955917312,igloobamboo,Igloobamboo,,"$btc #BTC‚ÄØ‚ÄØ#Bitcoin‚ÄØ‚ÄØ‚ÄØ TA thread  ‚Ä¢ Some see a ""W""  ‚Ä¢ Some see a flag   ‚Ä¢ I see dead people  ""Trading is death"" - @RichardHeartWin  #Cryptocurrency #cryptotrading $HEX (#HEX the best true #DeFi store of value on the planet - an OG #Web3 financial product)  https://t.co/NklNtlpNyq",en,"[{'screen_name': 'richardheartwin', 'name': 'richard heart', 'id': '817817720221794305'}]",[],['https://pbs.twimg.com/media/FWivX47WYAIThpt.jpg'],2,0,2,"['btc', 'bitcoin', 'cryptocurrency', 'cryptotrading', 'hex', 'defi', 'web3']","['btc', 'hex']",https://twitter.com/igloobamboo/status/1542675699500306432,False,,1,https://pbs.twimg.com/media/FWivX47WYAIThpt.jpg,,,,,,,[],,,,
1542674354508406784,1542674354508406784,2022-07-01 06:30:02 IST,2022-07-01,06:30:02,+0530,1014542631379132416,paywithmoon,Moon,,Every time someone says ‚Äú#Bitcoin is dead‚Äù  https://t.co/58YmRt117v,en,[],[],['https://pbs.twimg.com/tweet_video_thumb/FWiZZrnXgAA-dDr.jpg'],0,1,5,['bitcoin'],[],https://twitter.com/paywithmoon/status/1542674354508406784,False,,1,https://pbs.twimg.com/tweet_video_thumb/FWiZZrnXgAA-dDr.jpg,,,,,,,[],,,,
1542669331653443585,1542667720868900864,2022-07-01 06:10:04 IST,2022-07-01,06:10:04,+0530,1008220267934609408,inconvenienttr5,Inconvenient Truth üåäüåä,,"@IGSquawk The OLD DEAD Cat Bounce.    #Bitcoin $BTC is going to trade UNDER $10,000 over the next 12 months.",en,[],[],[],1,0,0,['bitcoin'],['btc'],https://twitter.com/InconvenientTr5/status/1542669331653443585,False,,0,,,,,,,,"[{'screen_name': 'IGSquawk', 'name': 'IGSquawk', 'id': '1533387092'}]",,,,
1542662546439737345,1542662546439737345,2022-07-01 05:43:07 IST,2022-07-01,05:43:07,+0530,1133362569354391552,pinkboyeb,pinkboy3p,,Bitcoin is dead Stock market dead I don‚Äôt know what bored apes even do I‚Äôm tired,en,[],[],[],1,0,1,[],[],https://twitter.com/pinkboyeb/status/1542662546439737345,False,,0,,,,,,,,[],,,,
1542662490407976961,1542662490407976961,2022-07-01 05:42:53 IST,2022-07-01,05:42:53,+0530,929223032467525633,avocado_toast2,Avocado Toast,,"If anyone says #Bitcoin is dead,   ...remind them whales can throw around the price like a rag doll just to get the quarterly close they want  https://t.co/a7zyvQfniR",en,[],[],['https://pbs.twimg.com/media/FWijFKBX0AERyKZ.jpg'],0,1,1,['bitcoin'],[],https://twitter.com/avocado_toast2/status/1542662490407976961,False,,1,https://pbs.twimg.com/media/FWijFKBX0AERyKZ.jpg,,,,,,,[],,,,
1542662206185168902,1542662206185168902,2022-07-01 05:41:45 IST,2022-07-01,05:41:45,+0530,1415553844260401154,cryptonewz4,CryptoNewz,,Is Blockchain Dead? Time to Sell it All   https://t.co/okebYK6QVq   #Bitcoin,en,[],['https://www.youtube.com/watch?v=Evs1PBTDRNo'],[],0,0,0,['bitcoin'],[],https://twitter.com/CryptoNewz4/status/1542662206185168902,False,,0,,,,,,,,[],,,,
1542659998827814913,1542658844349841409,2022-07-01 05:32:59 IST,2022-07-01,05:32:59,+0530,1316961776743845889,indocryptolaw,Indonesian Crypto Law,,@illusiv33 @SBF_FTX @BlockFi @coinbase Celcius is going Broke  @Opensea is suffering from a Security breach  Defi is dead  #Bitcoin is going to $10k soon  Tether is depeg,en,"[{'screen_name': 'opensea', 'name': 'opensea', 'id': '946213559213555712'}]",[],[],0,0,0,['bitcoin'],[],https://twitter.com/IndoCryptoLaw/status/1542659998827814913,False,,0,,,,,,,,"[{'screen_name': 'illusiv33', 'name': 'illus1ve', 'id': '1519974887737245698'}, {'screen_name': 'SBF_FTX', 'name': 'SBF', 'id': '1110877798820777986'}, {'screen_name': 'BlockFi', 'name': 'BlockFi', 'id': '933113177197264896'}, {'screen_name': 'coinbase', 'name': 'Coinbase', 'id': '574032254'}]",,,,
1542658917267800065,1542658917267800065,2022-07-01 05:28:41 IST,2022-07-01,05:28:41,+0530,1437090299201916940,samsungsv19,samsungsv,,"#Bitcoin became legal tender back in September 2021. Since then, #ElSalvador lost over 60 million dollars by purchasing over two thousand Bitcoin.  Volcano bonds were never released, #Bitcoin City is dead on arrival. It is time to liquidate our BTC reserves before it is too late.  https://t.co/uQ9yfzePtb",en,[],[],['https://pbs.twimg.com/media/FWigG9zXgAIprzv.jpg'],0,0,0,"['bitcoin', 'elsalvador', 'bitcoin']",[],https://twitter.com/samsungsv19/status/1542658917267800065,False,,1,https://pbs.twimg.com/media/FWigG9zXgAIprzv.jpg,,,,,,,[],,,,
1542648330869772291,1542648330869772291,2022-07-01 04:46:37 IST,2022-07-01,04:46:37,+0530,1441455162380464130,kryptokarma1,KryptoKarma,,"I don‚Äôt know where is the bottom, but I know #Bitcoin  is not dead üíÄ",en,[],[],[],0,0,0,['bitcoin'],[],https://twitter.com/KryptoKarma1/status/1542648330869772291,False,,0,,,,,,,,[],,,,
1542644242731962369,1542306667584536578,2022-07-01 04:30:23 IST,2022-07-01,04:30:23,+0530,1146214671281729538,fluff_bitcoin,FluffXBT,,@kurtwuckertjr @wolfcastle6 So you‚Äôve been following Saylor a whole two years?  Historian.  Do you have a book out yet on the history of terrible takes on bitcoin or is now the time it‚Äôs finally ‚Äúdead‚Äù?,en,[],[],[],0,0,0,[],[],https://twitter.com/Fluff_Bitcoin/status/1542644242731962369,False,,0,,,,,,,,"[{'screen_name': 'kurtwuckertjr', 'name': 'Cozy Kurt‚Ñ¢ | GorillaPool.com üçåüçå', 'id': '304746564'}, {'screen_name': 'wolfcastle6', 'name': 'V_for_Volcanode üåã', 'id': '1010956933786951680'}]",,,,
1542639078998286336,1542639078998286336,2022-07-01 04:09:51 IST,2022-07-01,04:09:51,+0530,1458847162197065729,outlaw_sniper,outlawsniper.eth Œûü¶áüîä,,Bitcoin is dead ‚ò†Ô∏è  https://t.co/SFth54POhw,en,[],[],['https://pbs.twimg.com/media/FWiOELVWYAAJCTW.jpg'],1,0,1,[],[],https://twitter.com/Outlaw_Sniper/status/1542639078998286336,False,,1,https://pbs.twimg.com/media/FWiOELVWYAAJCTW.jpg,,,,,,,[],,,,
1542635774776066048,1542635774776066048,2022-07-01 03:56:44 IST,2022-07-01,03:56:44,+0530,1435033739076284421,bitly___,#crypto,,#Bitcoin is dead?,en,[],[],[],0,0,0,['bitcoin'],[],https://twitter.com/Bitly___/status/1542635774776066048,False,,0,,,,,,,,[],,,,
1542634920157351936,1542634920157351936,2022-07-01 03:53:20 IST,2022-07-01,03:53:20,+0530,2180823392,joshkadden,Josh Kadden,,Is Bitcoin dead?,en,[],[],[],1,0,0,[],[],https://twitter.com/JoshKadden/status/1542634920157351936,False,,0,,,,,,,,[],,,,
1542633879613444098,1542633879613444098,2022-07-01 03:49:12 IST,2022-07-01,03:49:12,+0530,1475279586086825989,meshslayer,MeshSlayer,,This is either going to be a life-changing dip or #Bitcoin is dead. You guys decide what you wanna use your capital on.,en,[],[],[],1,0,0,['bitcoin'],[],https://twitter.com/MeshSlayer/status/1542633879613444098,False,https://twitter.com/BTC_Archive/status/1542619211272421377,0,,,,,,,,[],,,,
1542631698969526272,1542628643624599565,2022-07-01 03:40:32 IST,2022-07-01,03:40:32,+0530,934529632228999168,anton__btc,"ANTON - no paid groups, no messages",,"YES, dotted scenario hints at $11.5k NO, that is not the worst case.  Max pain is at $9k IMO, before a dead cat #BTCUSD bounce. #Bitcoin #BTC",en,[],[],[],0,0,5,"['btcusd', 'bitcoin', 'btc']",[],https://twitter.com/Anton__BTC/status/1542631698969526272,False,,0,,,,,,,,[],,,,
1542628854623137792,1542628854623137792,2022-07-01 03:29:14 IST,2022-07-01,03:29:14,+0530,1483495105483149314,slippagetol,Slippage Tolerance,,"#Slippage #Crypto #CryptoNews #Cryptocurrency #Cryptocurrencies #Bitcoin #ETH #BNB #TeamFollowBack #FollowBack #DEFI #NFTs  The Oculus Quest is dead, long live the Meta Quest  https://t.co/d1mt3ZHDju  https://t.co/NGnPRIKEsC",en,[],['https://slippagetolerance.com/the-oculus-quest-is-dead-long-live-the-meta-quest/'],['https://pbs.twimg.com/media/FWiExDLaIAAaMH-.jpg'],0,0,0,"['slippage', 'crypto', 'cryptonews', 'cryptocurrency', 'cryptocurrencies', 'bitcoin', 'eth', 'bnb', 'teamfollowback', 'followback', 'defi', 'nfts']",[],https://twitter.com/SlippageTol/status/1542628854623137792,False,,1,https://pbs.twimg.com/media/FWiExDLaIAAaMH-.jpg,,,,,,,[],,,,
1542625033671311360,1542625033671311360,2022-07-01 03:14:03 IST,2022-07-01,03:14:03,+0530,1493339068440014848,cryptobullmaker,Cryptobull ( Free Premuim Calls ),,Netflix is down 70% YTD Facebook is down 51% YTD Amazon is down 37% YTD Apple is down 24% YTD #Bitcoin¬† is down 58% YTD  Who says $BTC is volatile üôÑ  Whole market condition is bad that doesn‚Äôt mean $btc is dead ü§¶üèª‚Äç‚ôÇÔ∏è  Tweet copied from @LayahHeilpern,en,"[{'screen_name': 'layahheilpern', 'name': 'layah heilpern', 'id': '455937214'}]",[],[],4,4,22,['bitcoin'],"['btc', 'btc']",https://twitter.com/Cryptobullmaker/status/1542625033671311360,False,,0,,,,,,,,[],,,,
1542619853487489031,1542619853487489031,2022-07-01 02:53:28 IST,2022-07-01,02:53:28,+0530,233535633,bustofc,El Busto F.C,,Bitcoin is the king and it will never be dead,en,[],[],[],1,0,0,[],[],https://twitter.com/BustoFC/status/1542619853487489031,False,,0,,,,,,,,[],,,,
1542616846448308224,1542217821958115332,2022-07-01 02:41:31 IST,2022-07-01,02:41:31,+0530,1394386056804376578,jls21141601,üí∏üè¶ Janet felon Yellen üè¶üí∏,,"@montymetzger @ernesturtasun You clearly don't understand what #Bitcoin and #cryptocurrency are... Keep stifling the industry and you will go down with the whole traditional financial system.  #FIAT is dead, #Bitcoin is king!",en,[],[],[],0,0,1,"['bitcoin', 'cryptocurrency', 'fiat', 'bitcoin']",[],https://twitter.com/JLS21141601/status/1542616846448308224,False,,0,,,,,,,,"[{'screen_name': 'montymetzger', 'name': 'Monty Metzger', 'id': '10866802'}, {'screen_name': 'ernesturtasun', 'name': 'Ernest Urtasun', 'id': '280227352'}]",,,,
1542612685518405632,1542612685518405632,2022-07-01 02:24:59 IST,2022-07-01,02:24:59,+0530,1436760566954086402,davaocity730,EricHan,,"@saylor @Davincij15  If Bitcoin is a life raft, I've been dead for over a year.",en,"[{'screen_name': 'davincij15', 'name': 'davinci jeremie', 'id': '285869396'}]",[],[],0,0,0,[],[],https://twitter.com/DavaoCity730/status/1542612685518405632,False,,0,,,,,,,,[],,,,
1542608348545052672,1542608348545052672,2022-07-01 02:07:45 IST,2022-07-01,02:07:45,+0530,1500929519120953345,preachingcrypto,Preachin‚Äô Crypto,,"#Crypto is not dead. Its rinsing the ones who didn't manage risks. It happens every cycle.  You leave now, you won't make it.  #Cryptocurency #bearmarket #Bitcoin #Binance #BNB #BitcoinCrash #BTC #Altcoins #Cryptotwitter",en,[],[],[],0,1,0,"['crypto', 'cryptocurency', 'bearmarket', 'bitcoin', 'binance', 'bnb', 'bitcoincrash', 'btc', 'altcoins', 'cryptotwitter']",[],https://twitter.com/preachingcrypto/status/1542608348545052672,False,,0,,,,,,,,[],,,,
1542608195155382276,1542478782048641026,2022-07-01 02:07:08 IST,2022-07-01,02:07:08,+0530,1434634413489496071,christianmuenz1,Christian Muenz,,@saylor Bitcoin is dead.  Gold is the future.,en,[],[],[],0,0,0,[],[],https://twitter.com/ChristianMuenz1/status/1542608195155382276,False,,0,,,,,,,,"[{'screen_name': 'saylor', 'name': 'Michael Saylor‚ö°Ô∏è', 'id': '244647486'}]",,,,
1542603257616314368,1542603257616314368,2022-07-01 01:47:31 IST,2022-07-01,01:47:31,+0530,1495842340543545349,chartoday,Chartoday,,1/6. There are two indicators I personally want to focus on that show #Bitcoin is getting close to the bottom: the realised and delta caps. The first one represents the market cap taking into account the price each coin was last moved (weighing less dead coins).  https://t.co/oY4SzcCeAp,en,[],[],['https://pbs.twimg.com/media/FWhtfLSUYAANP3_.jpg'],1,1,1,['bitcoin'],[],https://twitter.com/chartoday/status/1542603257616314368,False,,1,https://pbs.twimg.com/media/FWhtfLSUYAANP3_.jpg,,,,,,,[],,,,
1542602705712996352,1542370457898422273,2022-07-01 01:45:19 IST,2022-07-01,01:45:19,+0530,30476326,marcaz1,Marc,,"@WatcherGuru If Bicoin is dead, who cares anyway.  Long live Bitcoin.",en,[],[],[],0,0,0,[],[],https://twitter.com/MarcAZ1/status/1542602705712996352,False,,0,,,,,,,,"[{'screen_name': 'WatcherGuru', 'name': 'Watcher.Guru', 'id': '1387497871751196672'}]",,,,
1542601763429179401,1542601763429179401,2022-07-01 01:41:35 IST,2022-07-01,01:41:35,+0530,1346861406709280775,domofcrypto,Dominionüê∂,,"Just bought some $Marvin at discount. Price so juicy and a very good entry point. @Marvin_Inu  Be greedy while others are fearful, that's just the idea. Bear market is to create financial freedom not a time to think #cryptocurrency is dead lol literally #bitcoin is here to stay.  https://t.co/So7OHtJXej",en,"[{'screen_name': 'marvin_inu', 'name': 'marvin inu', 'id': '1448003698689445896'}]",[],['https://pbs.twimg.com/media/FWhsFi8XEAY-1qv.jpg'],3,12,14,"['cryptocurrency', 'bitcoin']",['marvin'],https://twitter.com/DomOfCrypto/status/1542601763429179401,False,,1,https://pbs.twimg.com/media/FWhsFi8XEAY-1qv.jpg,,,,,,,[],,,,
1542600116661456896,1542288777305116673,2022-07-01 01:35:02 IST,2022-07-01,01:35:02,+0530,1343332429071728640,tomgrayne,Tom Grayne,,@GigWorley @RRR_XC @SamPanetta_ @CedYoungelman It should be dead. I don't think it will. Way too many dumb greedy idiots around to pump its price again in a few years. Crypto is a perfect never ending ponzi. Buying bitcoin isn't buying the future or something lame like that. It's buying a lottery ticket and gambling.,en,[],[],[],1,0,1,[],[],https://twitter.com/TomGrayne/status/1542600116661456896,False,,0,,,,,,,,"[{'screen_name': 'GigWorley', 'name': 'WorleyGIG', 'id': '1240795448224309249'}, {'screen_name': 'RRR_XC', 'name': 'My name', 'id': '227633930'}, {'screen_name': 'SamPanetta_', 'name': 'Sam Panetta', 'id': '472384273'}, {'screen_name': 'CedYoungelman', 'name': 'Cedric Youngelman‚ö°Ô∏è', 'id': '39546945'}]",,,,
1542597919538298881,1542597919538298881,2022-07-01 01:26:18 IST,2022-07-01,01:26:18,+0530,948954148996861952,_g_o_x_,GoX,,#BITCOIN is DEAD!  https://t.co/U7xKqPeyHt,en,[],[],['https://pbs.twimg.com/media/FWhooUuWIAIJL62.jpg'],0,0,0,['bitcoin'],[],https://twitter.com/_G_o_X_/status/1542597919538298881,False,,1,https://pbs.twimg.com/media/FWhooUuWIAIJL62.jpg,,,,,,,[],,,,
1542597807940333568,1542308846240256000,2022-07-01 01:25:52 IST,2022-07-01,01:25:52,+0530,473258657,democracymemer,Yes Ó®Ä,,@intocryptoverse Nope Bitcoin is dead,en,[],[],[],0,0,0,[],[],https://twitter.com/democracymemer/status/1542597807940333568,False,,0,,,,,,,,"[{'screen_name': 'intocryptoverse', 'name': 'Benjamin Cowen', 'id': '943506806931734528'}]",,,,
1542594205876379649,1542594205876379649,2022-07-01 01:11:33 IST,2022-07-01,01:11:33,+0530,1494277727511322626,opsec_crypto,opsec,,"Good point, I also think BTC will get one more run potentially, but overall, the only reason people buy bitcoin is to flip their money and dip, so it's ought to go down.  There's no other reason to hold #BITCOIN, it does not produce money, it's dead money.",en,[],[],[],3,0,3,['bitcoin'],[],https://twitter.com/opsec_crypto/status/1542594205876379649,False,https://twitter.com/ki_young_ju/status/1542368838892879875,0,,,,,,,,[],,,,
1542593167497003008,1542593167497003008,2022-07-01 01:07:25 IST,2022-07-01,01:07:25,+0530,1446845562700009481,cryptosensei_09,·¥Ñ Ä è·¥ò·¥õ·¥èÍú±·¥á…¥Íú±·¥á…™ÂÖàÁîü,,"It's the year 2040, Bitcoin crashed from $10M to $6.6M  Media: Bitcoin is Dead",en,[],[],[],0,1,1,[],[],https://twitter.com/cryptosensei_09/status/1542593167497003008,False,,0,,,,,,,,[],,,,
1542592711261569024,1542194685250154496,2022-07-01 01:05:37 IST,2022-07-01,01:05:37,+0530,1491489617115287561,cj80783888,Colin,,@mwaddip @alexoncrypto Yes so it goes back to your original point - if there is no further demand or the demand dries up then the token is good as dead. Money is created from the inflation schedule in the same way as bitcoin - it‚Äôs code complete with no admin keys,en,[],[],[],2,0,0,[],[],https://twitter.com/cj80783888/status/1542592711261569024,False,,0,,,,,,,,"[{'screen_name': 'mwaddip', 'name': ""Muad'Dib"", 'id': '1342508867608076291'}, {'screen_name': 'alexoncrypto', 'name': 'Alexander Lorenzo', 'id': '901706048'}]",,,,
1542592247098646533,1542592244724760578,2022-07-01 01:03:46 IST,2022-07-01,01:03:46,+0530,1206867281424388096,maximilianfsn,Max Satori,,"#Pos network that cannot be done in the Ethereum team and will never be done the way Dejun Qian is building it. @FUSIONProtocol @djqianfusion  By the way, didn't these lucky influencers say in their super podcasts that bitcoin is a centralized and dead end PoW protocol",en,"[{'screen_name': 'fusionprotocol', 'name': 'fusion', 'id': '940430783965040640'}, {'screen_name': 'djqianfusion', 'name': 'dj qian', 'id': '1038446298385371136'}]",[],[],1,3,10,['pos'],[],https://twitter.com/MaximilianFSN/status/1542592247098646533,False,,0,,,,,,,,[],,,,
1542585774465757185,1542585774465757185,2022-07-01 00:38:03 IST,2022-07-01,00:38:03,+0530,1427584315894886400,cryptojeweller0,Crypto Jewellers,,Do you think #LUNC is dead now? #LUNA #LUNCarmy #bitcoin #cryptocurrecy #Crypto #ETH,en,[],[],[],1,0,2,"['lunc', 'luna', 'luncarmy', 'bitcoin', 'cryptocurrecy', 'crypto', 'eth']",[],https://twitter.com/cryptojeweller0/status/1542585774465757185,False,,0,,,,,,,,[],,,,
1542582349526839296,1542582349526839296,2022-07-01 00:24:26 IST,2022-07-01,00:24:26,+0530,1297651178256257024,autismcapital,Autism Capital üß©,,"Chamath‚Äôs price target for Bitcoin? $3,500-5000. He is cackling while David Sacks (Solana bagholder) is dead quiet. Explains David‚Äôs recent tweets. Crypto still below Chamath‚Äôs line.    https://t.co/VUiJhHN3Qo  https://t.co/D5tIXp2Fa0",en,[],['https://youtu.be/8lrOjNsPzww'],['https://pbs.twimg.com/media/FWhaeGeUIAAYQpc.jpg'],11,1,42,[],[],https://twitter.com/AutismCapital/status/1542582349526839296,False,,1,https://pbs.twimg.com/media/FWhaeGeUIAAYQpc.jpg,,,,,,,[],,,,
1542581282546126848,1542440543573184514,2022-07-01 00:20:12 IST,2022-07-01,00:20:12,+0530,21764913,bradleyw762,bradley,,"@DonCryptoDraper bullshit, #bitcoin is dead",en,[],[],[],0,0,1,['bitcoin'],[],https://twitter.com/bradleyw762/status/1542581282546126848,False,,0,,,,,,,,"[{'screen_name': 'DonCryptoDraper', 'name': 'doncrypto', 'id': '27619548'}]",,,,
1542580537226735616,1542575343537733632,2022-07-01 00:17:14 IST,2022-07-01,00:17:14,+0530,21764913,bradleyw762,bradley,,"@WolfTrades7 @CryptoCapo_ Bullshit, #bitcoin is dead",en,[],[],[],1,0,0,['bitcoin'],[],https://twitter.com/bradleyw762/status/1542580537226735616,False,,0,,,,,,,,"[{'screen_name': 'WolfTrades7', 'name': 'Wolf', 'id': '949983091552120832'}, {'screen_name': 'CryptoCapo_', 'name': 'il Capo Of Crypto', 'id': '988796804446769153'}]",,,,
1542580501139144705,1542580501139144705,2022-07-01 00:17:05 IST,2022-07-01,00:17:05,+0530,746897094066184193,scryptotrader,SCryptoTrader.eth,,99% Blockfi ü§¶‚Äç‚ôÇÔ∏è  Crypto Valuations are BS   Super high in Bull market and dead in bear.  Not stable   This all what's happening tells me Crypto is so danm early and full of moon bois.  Yes !  I'm kinda one of them but not as emtional.  Anyways invest less in alts more in Bitcoin.,en,[],[],[],0,0,5,[],[],https://twitter.com/ScryptoTrader/status/1542580501139144705,False,,0,,,,,,,,[],,,,
1542579496699760641,1542569538511929365,2022-07-01 00:13:06 IST,2022-07-01,00:13:06,+0530,1542923966,omnifinn,Niko from konsensus.network,,"@maxipleb My point is that hodling is implied, but dead men can hodl, so that‚Äôs not an act to be especially proud of. What matters is how you put the time stored in your #bitcoin into good use to help humanity transcend fiat. We have not yet won and the war has not yet started. Wield‚Äôs up!",en,[],[],[],0,0,1,['bitcoin'],[],https://twitter.com/OmniFinn/status/1542579496699760641,False,,0,,,,,,,,"[{'screen_name': 'maxipleb', 'name': 'NgU Engineer ü§°üåé', 'id': '1336748154469945346'}]",,,,
1542579431281086464,1542579431281086464,2022-07-01 00:12:50 IST,2022-07-01,00:12:50,+0530,1484489064212434949,darkacie,IP,,Bitcoin is dead,en,[],[],[],0,0,0,[],[],https://twitter.com/darkacie/status/1542579431281086464,False,,0,,,,,,,,[],,,,
1542578718677385216,1542578718677385216,2022-07-01 00:10:00 IST,2022-07-01,00:10:00,+0530,1520477582222929920,jabulanigivenm1,Jabulani Given Mgwenya,,"Historically speaking, if you bought #bitcoin every time there is a ""bitcoin is dead"" headlines, you would have done well.   Logic: when they lose hope, that's when the bottom is in.  https://t.co/WbbRHsyfb9",en,[],[],['https://pbs.twimg.com/media/FWhXK0nXoAkNgF0.jpg'],1,0,2,['bitcoin'],[],https://twitter.com/JabulaniGivenM1/status/1542578718677385216,False,,1,https://pbs.twimg.com/media/FWhXK0nXoAkNgF0.jpg,,,,,,,[],,,,
1542576530336804865,1538277901342232581,2022-07-01 00:01:19 IST,2022-07-01,00:01:19,+0530,1015698886483046400,trevdevv,Trev,,"@everythingfred @smdiehl ‚Ä¶ is, again, completely missing the central argument since this is fundamentally not true. Bitcoin is a closed system, fiat can be completely dead and I can still transact with bitcoin by stating a specific price for an item in sats. Dollars have no bearing over the protocol.",en,[],[],[],0,0,0,[],[],https://twitter.com/trevdevv/status/1542576530336804865,False,,0,,,,,,,,"[{'screen_name': 'everythingfred', 'name': 'Fred', 'id': '12142952'}, {'screen_name': 'smdiehl', 'name': 'Stephen Diehl', 'id': '151535146'}]",,,,
1542576079596097539,1542576079596097539,2022-06-30 23:59:31 IST,2022-06-30,23:59:31,+0530,1539255374150238209,jsl_capital_se,JSL Capital,,#inflation will drop quite dramatically - the inflation trade is dead - we will see an outperformance of long duration assets (#bitcoin / #NASDAQ for the rest of 2022)  https://t.co/yqTZTrhw2I,en,[],[],['https://pbs.twimg.com/media/FWhUxIWXgAcLBRD.jpg'],0,0,2,"['inflation', 'bitcoin', 'nasdaq']",[],https://twitter.com/JSL_Capital_SE/status/1542576079596097539,False,,1,https://pbs.twimg.com/media/FWhUxIWXgAcLBRD.jpg,,,,,,,[],,,,
1542572397391405057,1542572397391405057,2022-06-30 23:44:53 IST,2022-06-30,23:44:53,+0530,3022667709,senecalytics,Matt Clinton - Soothsayer üßô‚Äç‚ôÇÔ∏è,,"If someone has ""...gold..."" in their bio you should be extremely cautious in listening to what they have to say.  Confirmation bias is likely skewing their views so they're almost always bullish.  More so for Bitcoin, Silver, AMC, GME or anyone who thinks the dollar is dead.",en,[],[],[],0,0,2,[],[],https://twitter.com/Senecalytics/status/1542572397391405057,False,,0,,,,,,,,[],,,,
1542571996650737664,1542536351199141888,2022-06-30 23:43:18 IST,2022-06-30,23:43:18,+0530,1468151932413829120,hepraz,hery prasetio,,@MarioNawfal @RoundtableSpace is bitcoin era dead?,en,[],[],[],0,0,1,[],[],https://twitter.com/hepraz/status/1542571996650737664,False,,0,,,,,,,,"[{'screen_name': 'MarioNawfal', 'name': 'Mario Nawfal', 'id': '1319287761048723458'}, {'screen_name': 'RoundtableSpace', 'name': 'The Crypto Roundtable Show w/ NFT Tech', 'id': '1536693901230321666'}]",,,,
1542570583459774468,1542570583459774468,2022-06-30 23:37:41 IST,2022-06-30,23:37:41,+0530,1236359302786568193,jtheretohelp1,JT ‚úùÔ∏è,,"Fwiw, as painful as this crypto correction is, Bitcoin is NOT DEAD.   Opportunities will flourish in the future and those who have the intestinal fortitude to buy the pain will also flourish.",en,[],[],[],3,0,39,[],[],https://twitter.com/JTheretohelp1/status/1542570583459774468,False,,0,,,,,,,,[],,,,
1542568490762117121,1542452536212430848,2022-06-30 23:29:22 IST,2022-06-30,23:29:22,+0530,954490157603917824,streaming_sats,Streaming Sats (‚Çø) .210,,"@cburniske Small blocks stopped experimentation and innovation.  Bitcoin will unlock huge utility, I‚Äôm talking billions of txs per second. The people building such thing are doing so on the only chain that functions so  BTC is dead, just hodler fools and LN believers. Embarrassing",en,[],[],[],0,0,0,[],[],https://twitter.com/Streaming_Sats/status/1542568490762117121,False,,0,,,,,,,,"[{'screen_name': 'cburniske', 'name': 'Chris Burniske', 'id': '710463119886262272'}]",,,,
1542567945653690368,1542467833413734402,2022-06-30 23:27:12 IST,2022-06-30,23:27:12,+0530,393922066,rasatsu,Rasatsu,,"@jimtalbot Bitcoin is a dead project, why would anyone invest in it?",en,[],[],[],0,0,1,[],[],https://twitter.com/rasatsu/status/1542567945653690368,False,,0,,,,,,,,"[{'screen_name': 'jimtalbot', 'name': 'jim', 'id': '309749985'}]",,,,
1542566736074969088,1542344827810942976,2022-06-30 23:22:24 IST,2022-06-30,23:22:24,+0530,17246026,olthoff,Mike Olthoff ‚ö°üß° - #Bitcoin Psychopath,,"@RickV3D Bitcoin is dead, miners can't even pay for electricity.",en,[],[],[],0,0,1,[],[],https://twitter.com/olthoff/status/1542566736074969088,False,,0,,,,,,,,"[{'screen_name': 'RickV3D', 'name': 'Rick ü§ò', 'id': '1048219880082853888'}]",,,,
1542566155549810693,1542566155549810693,2022-06-30 23:20:05 IST,2022-06-30,23:20:05,+0530,1476175280402280451,vogt239,"Alexander Vogt, CFA",,"The #inflation trade is dead. #natgas hitting it‚Äòs 30 week moving average. $XLE is selling off. Time to buy long duration assets like #bonds, #bitcoin, $XLK or $ARKK? @RaoulGMI @MacroAlf @AndreasSteno @42macroDDale",en,"[{'screen_name': 'raoulgmi', 'name': 'raoul pal', 'id': '2453385626'}, {'screen_name': 'macroalf', 'name': 'alf', 'id': '1344759366671589376'}, {'screen_name': 'andreassteno', 'name': 'andreasstenolarsen', 'id': '851431642950402048'}, {'screen_name': '42macroddale', 'name': 'darius dale', 'id': '1374003455195545601'}]",[],[],1,0,1,"['inflation', 'natgas', 'bonds', 'bitcoin']","['xle', 'xlk', 'arkk']",https://twitter.com/Vogt239/status/1542566155549810693,False,,0,,,,,,,,[],,,,
1542560538869260290,1542560538869260290,2022-06-30 22:57:46 IST,2022-06-30,22:57:46,+0530,1481320852276887565,cryptofibanking,CryptoFi,,"While negativity around #crypto swirls online, many have seen this as the time to invest more into #bitcoin and #ethereum. Whether it's because they recognize the value in the #web3 ecosystem or think there is high earnings potential, #cryptocurrency is far from dead!",en,[],[],[],2,0,0,"['crypto', 'bitcoin', 'ethereum', 'web3', 'cryptocurrency']",[],https://twitter.com/CryptoFiBanking/status/1542560538869260290,False,https://twitter.com/saylor/status/1542117682207678465,0,,,,,,,,[],,,,
1542559680748068864,1542478782048641026,2022-06-30 22:54:21 IST,2022-06-30,22:54:21,+0530,1091194666169491456,atashgaah,Edelweiss üêò,,@saylor Bitcoin is a dead fish!,en,[],[],[],0,0,0,[],[],https://twitter.com/atashgaah/status/1542559680748068864,False,,0,,,,,,,,"[{'screen_name': 'saylor', 'name': 'Michael Saylor‚ö°Ô∏è', 'id': '244647486'}]",,,,
1542557843508776963,1542557843508776963,2022-06-30 22:47:03 IST,2022-06-30,22:47:03,+0530,3740778132,haileylennonbtc,Hailey Lennon,,My two favorite images that come to mind when people say bitcoin is dead  https://t.co/0yon8gSKlf,en,[],[],"['https://pbs.twimg.com/media/FWhELYHVEAIvfal.jpg', 'https://pbs.twimg.com/media/FWhELZSUEAEIMvA.jpg']",6,10,60,[],[],https://twitter.com/HaileyLennonBTC/status/1542557843508776963,False,,1,https://pbs.twimg.com/media/FWhELYHVEAIvfal.jpg,,,,,,,[],,,,
1542551386797244419,1542532226751111171,2022-06-30 22:21:24 IST,2022-06-30,22:21:24,+0530,1306360182981758981,sol_nerd,Gio {0},,@DU09BTC Do you think all alt‚Äôs will be dead if #Bitcoin is the only crypto deemed as ‚Äúnot a security‚Äù by the SEC?,en,[],[],[],0,0,0,['bitcoin'],[],https://twitter.com/sol_nerd/status/1542551386797244419,False,,0,,,,,,,,"[{'screen_name': 'DU09BTC', 'name': 'Duo Nine | YCC', 'id': '771255865273823232'}]",,,,
1542549731691622400,1542545796301733888,2022-06-30 22:14:49 IST,2022-06-30,22:14:49,+0530,394547235,youthfulmedia,jessica,,@devchart Bitcoin is dead.,en,[],[],[],1,0,0,[],[],https://twitter.com/youthfulmedia/status/1542549731691622400,False,,0,,,,,,,,"[{'screen_name': 'devchart', 'name': 'Devchart üë®üèª\u200düíª', 'id': '1078362309687472134'}]",,,,
1542549247870074881,1542549247870074881,2022-06-30 22:12:54 IST,2022-06-30,22:12:54,+0530,1458357035981242368,ussportsnews41,US Crypto News,,How Gnox (GNOX) Is Battling ‚ÄúBitcoin Is Dead‚Äù Search Results Within Google And Why Solana (SOL) Or Shiba Inu (SHIB) May Be Better Investment Options - Bitcoinist #SHIB,en,[],[],[],0,0,1,['shib'],[],https://twitter.com/USSportsNews41/status/1542549247870074881,False,,0,,,,,,,,[],,,,
1542545874240389123,1542442237887381506,2022-06-30 21:59:30 IST,2022-06-30,21:59:30,+0530,968087660567941120,royalkeyafrica,Harriet Tubman Stan,,@dubyabee17 @concodanomics At what $ price is bitcoin considered dead?,en,[],[],[],0,0,2,[],[],https://twitter.com/Royalkeyafrica/status/1542545874240389123,False,,0,,,,,,,,"[{'screen_name': 'dubyabee17', 'name': 'W Bee', 'id': '1373393290221907970'}, {'screen_name': 'concodanomics', 'name': 'Concoda üêª', 'id': '1032371282116063235'}]",,,,
1542544910452199427,1542544910452199427,2022-06-30 21:55:40 IST,2022-06-30,21:55:40,+0530,43248377,kirfinance,KIR Finance,,"This market sucks. Nobody timed the bottom. Historic data is trash. Charts mean nothing. Another red day. Web3 is a scam. Crypto is dead.   Phew... Now that I've gotten that out üòÑ, it's time to maximize this opportunity. We all have choices to make.   #bitcoin #crypto",en,[],[],[],5,0,37,"['bitcoin', 'crypto']",[],https://twitter.com/KIRFinance/status/1542544910452199427,False,,0,,,,,,,,[],,,,
1542544410126303232,1542478782048641026,2022-06-30 21:53:41 IST,2022-06-30,21:53:41,+0530,1287705992675950592,rockerfellerxau,üî•Rockerfeller,,@saylor Bitcoin is dead,en,[],[],[],5,2,28,[],[],https://twitter.com/rockerfellerxau/status/1542544410126303232,False,,0,,,,,,,,"[{'screen_name': 'saylor', 'name': 'Michael Saylor‚ö°Ô∏è', 'id': '244647486'}]",,,,
1542544037101637633,1542358974598627330,2022-06-30 21:52:12 IST,2022-06-30,21:52:12,+0530,1451147503286558729,omur08102021,hOwiE,,@udiWertheimer @el33th4xor dead investment #Bitcoin is dead!!!,en,[],[],[],0,0,1,['bitcoin'],[],https://twitter.com/Omur08102021/status/1542544037101637633,False,,0,,,,,,,,"[{'screen_name': 'udiWertheimer', 'name': 'udiverse.eth', 'id': '14527699'}, {'screen_name': 'el33th4xor', 'name': 'Emin G√ºn Sirerüî∫', 'id': '399412477'}]",,,,
1542542920229724160,1542522499312648192,2022-06-30 21:47:45 IST,2022-06-30,21:47:45,+0530,868003567,ivor_park_fin,Ivor Harper,,@dotcom_nufc @paullewismoney Bitcoin is dead now,en,[],[],[],0,0,3,[],[],https://twitter.com/ivor_park_fin/status/1542542920229724160,False,,0,,,,,,,,"[{'screen_name': 'dotcom_nufc', 'name': 'Nufc Dotcom', 'id': '866905221775208448'}, {'screen_name': 'paullewismoney', 'name': 'Paul Lewis', 'id': '221338206'}]",,,,
1542540853075447809,1542540853075447809,2022-06-30 21:39:33 IST,2022-06-30,21:39:33,+0530,1007593854059667456,the_verdent,The Verdent,,"Is Bitcoin dead? Bitcoin historical bear market data, Long-term price prediction and On-chain analysis. Watch here:  https://t.co/LJd4yvlALH #BTC #Bitcoin #bitcoincrash #crypto #cryptocrash #cryptocurrency #BitcoinETF",en,[],['https://www.youtube.com/watch?v=O1aXoMF6BJY'],[],1,0,8,"['btc', 'bitcoin', 'bitcoincrash', 'crypto', 'cryptocrash', 'cryptocurrency', 'bitcoinetf']",[],https://twitter.com/the_verdent/status/1542540853075447809,False,,0,,,,,,,,[],,,,
1542538705121861632,1542538705121861632,2022-06-30 21:31:00 IST,2022-06-30,21:31:00,+0530,2335390298,gowilcheck,Peter Jonathan Wilcheck,,Google users think BTC (Bitcoin) is dead ‚Äî 5 things to know in Bitcoin this week Image: Cointelegraph   https://t.co/jIgTSWENN6  https://t.co/mssZqW73tO,en,[],['https://www.gocryptoblogs.com/news/bitcoin/google-users-think-btc-is-dead-5-things-to-know-in-bitcoin-this-week/'],['https://pbs.twimg.com/media/FWgyxwqUAAEHQBN.png'],0,0,0,[],[],https://twitter.com/gowilcheck/status/1542538705121861632,False,,1,https://pbs.twimg.com/media/FWgyxwqUAAEHQBN.png,,,,,,,[],,,,
1542537332221517824,1542527743178354689,2022-06-30 21:25:33 IST,2022-06-30,21:25:33,+0530,2230417421,multitpark,CryptoCurrency Tech,,@paddi_hansen So the Bitcoin ATM business in EU is dead now. I doubt anyone will give his ID scanned for buying/selling crypto for 5 euro (for example).,en,[],[],[],1,0,1,[],[],https://twitter.com/MultiTpark/status/1542537332221517824,False,,0,,,,,,,,"[{'screen_name': 'paddi_hansen', 'name': 'Patrick Hansen', 'id': '1222139996951457794'}]",,,,
1542537197244403713,1542537197244403713,2022-06-30 21:25:01 IST,2022-06-30,21:25:01,+0530,1106494466855223296,yapglobalteam,YAP Global | We're Hiring,,"Is Bitcoin Really ‚ÄòDead‚Äô? ‚ò†  @ashtaybuck, the co-founder of @resource_fi spoke with @BCDWahid from @beincrypto on:  - Why Bitcoin is here to stay - What caused the latest crypto crash - Terra and Luna's impact - Crypto macro outlook for the coming months   https://t.co/MgHQrglHeW",en,"[{'screen_name': 'ashtaybuck', 'name': 'ashley taylor buck', 'id': '168799234'}, {'screen_name': 'resource_fi', 'name': 'resource finance', 'id': '1308496770691993602'}, {'screen_name': 'bcdwahid', 'name': 'the one', 'id': '1276819791047798785'}, {'screen_name': 'beincrypto', 'name': 'beincrypto', 'id': '1021643080208801792'}]",['http://bit.ly/3OVK2E5'],[],0,3,2,[],[],https://twitter.com/YAPGlobalTeam/status/1542537197244403713,False,,0,,,,,,,,[],,,,
1542536243510132736,1542271829242437632,2022-06-30 21:21:14 IST,2022-06-30,21:21:14,+0530,73803494,abebut,Andy ‚Ñ¨ebut üåªüìà‚öõüÉèüì¢üóΩ,,@0xJoxes Bitcoin is dead.,en,[],[],[],0,0,0,[],[],https://twitter.com/abebut/status/1542536243510132736,False,,0,,,,,,,,"[{'screen_name': '0xJoxes', 'name': 'Joxes.ethüè¥üêºüî¥üóªüê∫üîÅüíúüìúüßãüíô‚ö°üåø', 'id': '1289381057444425728'}]",,,,
1542534301505523722,1542534301505523722,2022-06-30 21:13:31 IST,2022-06-30,21:13:31,+0530,1387801941699403780,sweetpe90340322,Sweet-Pea Crypto,,Remember when your friends are telling you #Bitcoin is Dead that is the best time to buy ü§´,en,[],[],[],0,0,0,['bitcoin'],[],https://twitter.com/Sweetpe90340322/status/1542534301505523722,False,,0,,,,,,,,[],,,,
1542532790725533696,1542520789286629377,2022-06-30 21:07:30 IST,2022-06-30,21:07:30,+0530,773202471934132224,maskedninja76,„äó Masked Ninja „äô,,@IncomeSharks People that didn‚Äôt take profits are now saying bitcoin is dead.  lol,en,[],[],[],1,0,0,[],[],https://twitter.com/MaskedNinja76/status/1542532790725533696,False,,0,,,,,,,,"[{'screen_name': 'IncomeSharks', 'name': 'IncomeSharks', 'id': '4441279246'}]",,,,
1542531048977747968,1542531048977747968,2022-06-30 21:00:35 IST,2022-06-30,21:00:35,+0530,1370276014677323780,ciestd2017,Crypto Investment | 50K+ Facebook Community,,Google users think BTC is dead ‚Äî 5 things to know in Bitcoin this week  https://t.co/pPqSZRRoCL,en,[],['http://dlvr.it/ST74sR'],[],0,0,0,[],[],https://twitter.com/ciestd2017/status/1542531048977747968,False,,0,,,,,,,,[],,,,
1542530938999132163,1542530938999132163,2022-06-30 21:00:09 IST,2022-06-30,21:00:09,+0530,1359858473740210176,fintechandmore,Fintech & More,,"Is Bitcoin Dead? BTC Falls Below $20,000 Amid Crypto Crash. |  https://t.co/GD7td718zr | #investment #stocks  https://t.co/NQWENjTyRk",en,[],['https://buff.ly/3udrIyq'],['https://pbs.twimg.com/media/FWgrtr9XkAsiQ91.jpg'],0,0,0,"['investment', 'stocks']",[],https://twitter.com/fintechandmore/status/1542530938999132163,False,,1,https://pbs.twimg.com/media/FWgrtr9XkAsiQ91.jpg,,,,,,,[],,,,
